,PSAR,MACDKeyLevel,BeepBoop,MACDStochastic,BollingerBands,MACD,Stochastic,AlegAATr,EXP3,SqueezePro,UCB,BarMovement,Supertrend,Choc,EEE,KeltnerChannels,MACrossover
0,24.71714454545597,1.2988326190503017,194.5963149999999,13.57398635714369,-71.19613076190245,-220.1909699999976,-85.18458384615003,-81.98157333333131,-17.5411261904747,-41.709435897426935,-139.89196999999695,-40.386851111111554,-51.07218846153848,71.55509866666995,-144.7796089285718,-78.92642824675096,-59.37101411764623
