,Choc,BarMovement,MACDKeyLevel,KeltnerChannels,SqueezePro,Supertrend,AlegAATr,EEE,BeepBoop,MACDStochastic,UCB,EXP3,MACD,MACrossover,PSAR
0,-221.77999999999528,76.72617499999856,-87.02856583333175,-66.84565957142637,80.48094333333133,174.03014250000086,-46.431374999999264,100.37368918367102,-46.20662951219241,4.847393333335522,-49.280724999999265,-72.89467868131558,-228.2964000000002,-226.95368000000016,-51.96249711864167
