,BeepBoop,BarMovement
0,0.14285714285714285,0.3350253807106599
