,BeepBoop,BarMovement
0,-76.11714285714285,-20.479833147216365
