,Supertrend,MACDKeyLevel,EXP3,Lstm,Choc,RandomForest,UCB,AlegAATr,KNN,Stochastic,BeepBoop,MLP,PSAR,LstmMixture,RSI,KeltnerChannels,BarMovement,MACD,BollingerBands,MACrossover,Ensemble,MACDStochastic,SqueezePro,CNN,EEE
0,8845.81012,8590.22248,7956.204360000016,7660.659120000087,10000.0,9205.0338100006,9419.855919999998,9422.54696,10000.0,8391.183059999968,7794.360339999999,7352.2471600001245,8609.8330200002,10000.0,10000.0,10793.376960000003,10129.551260000002,9850.696860000007,9803.161809999989,9596.16208,8351.145486666699,9719.804340000008,10778.83776,9935.099839999999,8420.214410000035
