,Supertrend,Choc,BarMovement,UCB,SqueezePro,EXP3,MACrossover,KeltnerChannels,AlegAATr,Stochastic,MACD,BollingerBands,MACDStochastic,BeepBoop,MACDKeyLevel,PSAR
0,8826.86782,10000.0,10137.677000000001,9421.006479999998,10780.873800000001,9487.436899999997,9594.202099999999,10782.704820000004,10000.0,8391.045119999973,9850.685940000007,9790.36958999999,9723.660920000006,7797.588819999999,8594.618460000002,8618.1006000002
