,MACDKeyLevel,PSAR,BeepBoop,MACDStochastic,BollingerBands,MACD,Stochastic,AlegAATr,SqueezePro,BarMovement,Choc,Supertrend,MACrossover,KeltnerChannels
0,9808.738950000003,6365.932620000094,8738.643760000032,8643.720959999991,8034.643819999999,7234.075780000038,11385.242420000004,7654.025009999998,8989.266899999991,11930.309639999958,10521.424570000052,9133.791059999976,9190.954540000093,9438.03056000002
