,Stochastic,MACD,AlegAATr,MACDKeyLevel,PSAR,BollingerBands,MACDStochastic,BeepBoop,Ensemble,UCB,Supertrend,Choc,EEE,BarMovement,RSI,SqueezePro,EXP3,MACrossover,KeltnerChannels
0,10000.0,8192.956579999984,10376.91495142859,9200.68530000008,8125.779579999997,8270.056300000222,8463.308135714327,9819.346512857144,8135.5905300000395,10360.892348571444,7482.577730000568,10776.007320000052,10142.56221857144,10767.490294285739,7871.289320000003,9740.85776,9440.4022242857,11122.732860000015,11156.783300000001
