,PSAR,MACDKeyLevel,MACDStochastic,BollingerBands,BeepBoop,Ensemble,Stochastic,MACD,AlegAATr,KeltnerChannels,MACrossover,SqueezePro,EXP3,UCB,Choc,Supertrend,EEE,RSI,BarMovement
0,5594.86572000006,9831.608419999997,9565.892759999999,10627.852340000003,11160.838360000007,6472.405010000067,7171.857040000023,9919.522239999993,9058.098805000003,7880.806220000006,10467.950479999994,10287.45616,9686.94902857143,9881.284420000002,10628.946750000008,7601.129400000225,10014.476355714298,9985.8021,10050.497508571412
