,Stochastic,MACD,AlegAATr,PSAR,MACDKeyLevel,MACDStochastic,BollingerBands,BeepBoop,Ensemble,UCB,Supertrend,Choc,EEE,RSI,BarMovement,SqueezePro,EXP3,KeltnerChannels,MACrossover
0,10536.341760000001,9468.033840000027,10000.0,9759.405700000209,9764.938560000008,10565.253400000003,9638.840160000007,13140.677619999948,10764.688919999993,10000.0,8457.85880000001,9500.394999999988,10284.756530000008,10000.0,9138.769820000007,10000.0,9769.268399999995,8808.32534000001,10388.0
