,AlegAATr,MACrossover,Supertrend,BollingerBands,BarMovement,MACDStochastic,PSAR,BeepBoop,MACD,Stochastic,KeltnerChannels,Choc,UCB,SqueezePro,MACDKeyLevel
0,6820.859250000098,9139.505360000017,7482.51566,8441.432640000021,6728.773600000052,10360.057659999991,3744.2599399999763,10217.67686999999,7912.39971,10441.970309999962,8772.57428000001,8990.461940000007,11185.179607142863,8670.10904,9625.96700000003
