,MACD,Stochastic,AlegAATr,MACDKeyLevel,PSAR,BeepBoop,MACDStochastic,BollingerBands,MACrossover,KeltnerChannels,UCB,RSI,BarMovement,Supertrend,Choc,EEE,EXP3,SqueezePro
0,9983.201090000117,10606.790000000025,11196.36839357145,9788.72713000001,10007.638659999999,9765.46525,10539.199999999997,10179.932,9800.000000000004,9782.258499999985,11177.49675357145,10000.0,9312.450910000018,9024.161410000097,9364.57495999999,10165.563092857146,9171.700995714284,9959.91231
