,MACDKeyLevel,EEE,MACD,EXP3,Stochastic,Choc,UCB,SqueezePro,KeltnerChannels,MACDStochastic,BeepBoop,Supertrend,AlegAATr,MACrossover,BollingerBands,BarMovement
0,9538.940249999996,8069.288702857161,15186.880949999942,8599.564357142812,9018.058880000008,9648.005590000068,9638.0181,9935.03681000002,7593.522699999999,9115.401500000053,10031.28528285713,10132.437570000226,8903.964650714292,9411.61394000003,9478.376990000068,9515.113999999996
