,Stochastic,MACD,AlegAATr,MACDKeyLevel,BollingerBands,MACDStochastic,BeepBoop,UCB,Supertrend,Choc,EEE,BarMovement,RSI,SqueezePro,EXP3,MACrossover,KeltnerChannels
0,9996.28363,10334.8765,9851.19922428572,10003.00026000001,7409.8345400000035,9600.977880000004,12380.54114000029,9859.000514285723,11808.007079999972,10764.601040000001,9797.52108,9792.97684,10000.0,10090.99909000002,9765.375790000018,8656.772940000059,9654.597857142877
