,Stochastic,BarMovement,AlegAATr,Supertrend,MACD,Lstm,PSAR,UCB,KNN,RandomForest,LstmMixture,MACrossover,RSI,MLP,CNN,BeepBoop,Choc,EXP3,MACDKeyLevel,KeltnerChannels,BollingerBands,EEE,Ensemble,SqueezePro,MACDStochastic
0,9265.278639999982,9734.159599999968,10039.311170000025,11657.580340000028,10893.94485000032,8968.038240000003,8730.806270000376,10022.71926571431,10000.0,5835.516020000028,9355.659770000226,10946.657200000009,9585.514800000023,6964.599400000001,10280.785959999997,8774.728379999999,10633.491180714302,8706.686820000015,9906.23479142858,9658.601979999996,9925.969280000018,10571.709613571451,6300.74096,9577.013879999984,9301.407759999995
