,Lstm,PSAR,CNN,BarMovement,BeepBoop,MACDStochastic,MACD,RandomForest,UCB,Supertrend,LstmMixture,RSI,Choc,MACDKeyLevel,Ensemble,KeltnerChannels,Stochastic,EEE,EXP3,BollingerBands,AlegAATr,KNN,MLP,SqueezePro,MACrossover
0,8299.201398571415,5923.09957,2391.911640000001,10727.110110000142,8149.649550000045,9864.000000000005,10590.917699999993,10008.953229999977,10000.0,6413.397379999999,10000.0,9161.403461428563,9207.885319999994,10000.0,10878.472939999994,8851.263579999997,8279.732030000006,8400.659850000038,10000.0,9540.902299999943,10088.444609999986,10246.568398571413,6589.119660000026,10296.000000000002,7909.442139999987
