,MACDKeyLevel,KNN,EEE,CNN,MACD,EXP3,RandomForest,Stochastic,Ensemble,Choc,UCB,SqueezePro,Lstm,KeltnerChannels,RSI,PSAR,MACDStochastic,BeepBoop,MLP,LstmMixture,Supertrend,AlegAATr,MACrossover,BollingerBands,BarMovement
0,9540.147749999995,6911.852019999966,8887.112510000015,8957.428077142742,15156.584909999945,8355.09136857151,9053.347640000007,9020.86467,8188.496280000005,9653.429960000067,9638.0181,9927.159840000022,7539.378560000434,7600.550480000003,10000.0,10000.0,9102.11748000005,10043.783431428561,10000.0,10000.0,10133.197920000217,9835.247740000017,9388.039160000033,9467.380540000077,9438.964239999998
