,SqueezePro,BarMovement,RSI,Choc,Supertrend,KeltnerChannels,MACrossover,BeepBoop,BollingerBands,PSAR,MACDKeyLevel,AlegAATr,MACD,Stochastic
0,9817.212854285708,10030.820130000278,10000.011410000001,11558.642410000019,7212.1114000000525,4290.091640000029,10383.304519999998,9376.25751999999,6393.693239999966,9754.688260000003,8995.058210000167,8624.779909999957,10000.0,9797.198680000449
