,AlegAATr,MACrossover,Supertrend,BollingerBands,BarMovement,MACDStochastic,RSI,PSAR,BeepBoop,MACD,EXP3,Stochastic,KeltnerChannels,Ensemble,Choc,UCB,SqueezePro,MACDKeyLevel,EEE
0,9882.794443571378,9139.452160000012,7459.492599999997,8451.222180000015,6713.397080000057,10356.001407857131,10000.0,3740.2469199999728,10213.022169999997,7921.940089999997,10166.957449999993,10426.722209999969,8775.590450000002,6926.856220000062,8959.740960000008,9518.356987857096,8685.79938,9627.711800000023,9072.366749999997
