,LstmMixture,Choc,KeltnerChannels,UCB,KNN,RSI,SqueezePro,BollingerBands,RandomForest,MACrossover,Supertrend,Ensemble,Stochastic,CNN,AlegAATr,MACDKeyLevel,EXP3,BarMovement,Lstm,EEE,MACDStochastic,MACD,BeepBoop,PSAR,MLP
0,8568.254729285753,9500.394999999988,8817.47542000001,10000.0,11887.910519999996,10000.0,10000.0,9637.992940000007,8310.231230000543,10388.0,8464.06152000002,10763.497719999998,10542.239119999998,10976.000000000005,11785.91908000001,9764.938560000008,10183.150990000067,9131.056260000005,10000.0,9907.254080000017,10567.248720000003,9468.803940000027,13155.054319999941,9763.365550000213,6589.85525999999
