,PSAR,MACDKeyLevel,MACDStochastic,BollingerBands,BeepBoop,Ensemble,Stochastic,MACD,AlegAATr,KeltnerChannels,MACrossover,SqueezePro,EXP3,UCB,Choc,Supertrend,EEE,RSI,BarMovement
0,5623.834880000059,9831.608419999997,9571.39238,10616.644300000009,11139.886980000003,6482.146860000057,7173.160400000026,9918.727129999994,9893.170620000003,7884.9349800000045,10477.813119999992,10276.92578,9814.455554285712,9896.052300000003,10628.93157000001,7598.208480000225,10048.997130000007,9985.8021,10052.828628571413
