,Ensemble,MACDKeyLevel,Stochastic,Supertrend,BeepBoop,BollingerBands,EEE,MLP,UCB,KeltnerChannels,RandomForest,MACDStochastic,CNN,MACD,SqueezePro,MACrossover,Lstm,RSI,Choc,AlegAATr,BarMovement,KNN,LstmMixture,EXP3,PSAR
0,7947.136579999979,10505.80936,2644.728140000024,10010.60787000096,3670.0944100009933,7857.166230000419,10094.56282,8282.548480001045,10341.068335714312,9157.402799999996,9979.71923999998,8945.676960000179,9962.463995714263,11016.584710000092,10161.249439999976,7485.448559999974,9964.28999,10000.0,8826.407519999988,9349.155965714426,8251.333291428575,9459.73088000002,8356.311590000765,9855.977940000024,3374.175860000014
