,Lstm,EEE,LstmMixture,MACDKeyLevel,AlegAATr,BollingerBands,MLP,PSAR,MACrossover,BeepBoop,Supertrend,CNN,SqueezePro,RandomForest,RSI,Stochastic,Choc,KNN,KeltnerChannels,MACD,Ensemble,EXP3,UCB,MACDStochastic,BarMovement
0,8689.019389999994,5305.376795000178,9220.967600000014,8831.221360000018,9873.333780000088,7054.926859999984,9372.147285000015,4795.167550001419,10065.175459999999,6379.089499999966,9381.303600000034,10000.0,9858.515579999985,8235.986319999998,10000.0,6327.498110001293,8529.863700000005,9683.486780000007,8184.071620000012,7657.533499999998,6860.578725714351,11317.64983000007,5889.080980000296,5891.715279999963,6463.3054799999945
