,MACrossover,KeltnerChannels,SqueezePro,EXP3,Choc,Supertrend,EEE,BarMovement,RSI,UCB,BollingerBands,MACDStochastic,BeepBoop,Ensemble,MACDKeyLevel,PSAR,AlegAATr,Stochastic,MACD
0,10600.885520000009,9060.744615714262,10246.507550000006,9663.459019999998,10250.605880000006,7170.677170000222,9659.061290000063,8948.999310000383,9828.66838000001,11057.43032714289,8806.675310000308,10804.130439999999,4678.830200000125,8865.241759999972,10535.314229999998,9698.59811,11034.172547142893,10964.796999999997,8672.293479999966
