,MACD,Stochastic,AlegAATr,MACDKeyLevel,BeepBoop,BollingerBands,MACDStochastic,UCB,BarMovement,RSI,Supertrend,Choc,EEE,EXP3,SqueezePro,MACrossover,KeltnerChannels
0,9644.32338000021,11162.876550000847,10086.038270000005,9853.742040000005,7507.8000800003865,11880.514439999879,9689.375159999998,9257.780930000019,8344.680540000012,9304.82806000001,8813.206159999989,10004.60813999998,11460.615980000273,8334.147830000129,9542.31472,8946.566940000108,11066.246000000001
