,BeepBoop,MACDStochastic,RSI,PSAR,BollingerBands,BarMovement,AlegAATr,MACrossover,EEE,MACDKeyLevel,Choc,UCB,SqueezePro,MACD,Stochastic,EXP3
0,7934.1917499999845,10199.271680000014,10399.168200000015,8656.293950000023,9992.261859999902,10636.011549999997,10000.0,8031.192790000173,8817.84187857147,10038.410498571431,8431.963799999961,10009.78492285716,11195.003300000031,9934.528800000004,9789.110730000008,7203.032790000032
