,Choc,Lstm,LstmMixture,EEE,CNN,RSI,EXP3,BollingerBands,KNN,Stochastic,AlegAATr,MLP,RandomForest,BeepBoop,UCB,KeltnerChannels,BarMovement,MACDStochastic,PSAR,MACD,MACDKeyLevel,Supertrend,SqueezePro,MACrossover,Ensemble
0,9354.338499999993,10000.0,10000.0,10165.563092857146,10000.0,10000.0,9171.700995714284,10179.932,4251.786280000007,10608.468500000025,11200.77954357145,10000.0,10266.89416,9771.23035,11177.49675357145,9782.258499999985,9318.917906428589,10536.799999999996,9996.852479999989,9984.486130000116,9788.72713000001,9022.918550000099,9961.14212,9800.000000000004,9554.571610000059
