,CNN,MACrossover,KeltnerChannels,SqueezePro,EXP3,KNN,Choc,Supertrend,EEE,BarMovement,RSI,UCB,Lstm,BollingerBands,MACDStochastic,BeepBoop,Ensemble,MACDKeyLevel,PSAR,AlegAATr,Stochastic,MACD,RandomForest,LstmMixture,MLP
0,9396.153459999994,10611.034640000005,9067.188114999979,10246.507550000006,7522.795780000188,7973.579050000032,10251.018660000003,7173.577230000223,10238.680690000005,8946.681310000395,9828.66838000001,11030.659347142895,10000.0,8820.012590000311,10803.790949999997,4683.781660000123,8877.238279999974,10545.35728,9687.472210000002,10293.319040000006,10948.163049999997,8667.485639999964,10000.0,9268.788900000003,8522.782580000006
