,MACDKeyLevel,PSAR,BeepBoop,Ensemble,Lstm,BollingerBands,MACDStochastic,MACD,Stochastic,AlegAATr,MLP,RandomForest,LstmMixture,CNN,MACrossover,KeltnerChannels,KNN,EXP3,SqueezePro,UCB,BarMovement,RSI,Choc,Supertrend,EEE
0,9275.938959999976,10504.448379999998,11296.789700000016,8791.288354285914,9130.830919999991,8261.186859999998,9160.139699999998,12057.643519999996,9140.310600000013,8330.423477142944,10187.709759999983,11083.754319999842,10000.0,7778.613960000021,9947.0008,10000.0,9571.380720000036,9883.731920000007,10000.0,9524.49235,10270.19090000001,10000.0,10334.633099999985,8090.813480000022,9600.708159999991
