,MLP,Ensemble,BarMovement,EXP3,BeepBoop,AlegAATr,LstmMixture,RSI,Choc,KeltnerChannels,Supertrend,RandomForest,UCB,MACrossover,MACD,MACDKeyLevel,Stochastic,EEE,MACDStochastic,PSAR,SqueezePro,Lstm,BollingerBands,KNN,CNN
0,10000.0,8135.5905300000395,10767.490294285739,9440.4022242857,9819.346512857144,10376.91495142859,9876.124150000001,7871.289320000003,10776.007320000052,11156.783300000001,7482.577730000568,10000.0,10360.892348571444,11122.732860000015,8192.956579999984,9200.68530000008,10000.0,10142.56221857144,8463.308135714327,8125.779579999997,9740.85776,9415.457873571462,8270.056300000222,8844.93292000073,8666.15178
