,MACDStochastic,RSI,PSAR,BeepBoop,AlegAATr,MACrossover,Supertrend,BollingerBands,BarMovement,MACDKeyLevel,EEE,MACD,Stochastic,EXP3,KeltnerChannels,Ensemble,Choc,UCB,SqueezePro
0,10155.27867999999,9963.03788714285,8203.167290000536,10124.1707028571,9834.4932280952,10307.68541000017,11262.977080000723,8470.453950000028,6205.155120000086,10911.25943000005,10548.182749999976,12131.153379999969,11265.97430000003,10210.136152857187,8055.371130000406,9369.690480000037,9189.909220000001,9619.52099000008,10143.003290000046
