,MACrossover,KeltnerChannels,RSI,BarMovement,Supertrend,Choc,EEE,UCB,EXP3,SqueezePro,AlegAATr,MACD,Stochastic,BeepBoop,Ensemble,MACDStochastic,BollingerBands,MACDKeyLevel,PSAR
0,11055.591559999988,9782.384729999994,10000.0,10053.962700000115,7958.540900000003,10295.690000000022,7792.100680000045,9179.646780000005,8844.522960000031,9209.797460000009,10457.740810000023,9908.784239999995,13348.728039999949,9990.78356999998,10030.940080000011,10941.20698000001,8619.721779999987,8557.376980000028,4521.768259999961
