,BarMovement,BollingerBands,MACrossover,AlegAATr,Supertrend,BeepBoop,MACDStochastic,PSAR,RSI,KeltnerChannels,UCB,SqueezePro,Ensemble,Choc,EXP3,Stochastic,MACD,EEE,MACDKeyLevel
0,8251.333291428575,7857.166230000419,7485.448559999974,9349.155965714426,10010.60787000096,3670.0944100009933,8945.676960000179,3374.175860000014,10000.0,9157.402799999996,10341.068335714312,10161.249439999976,7947.136579999979,8826.407519999988,9855.977940000024,2644.728140000024,11016.584710000092,10094.56282,10505.80936
