,MACrossover,KeltnerChannels,CNN,RSI,BarMovement,Supertrend,Choc,EEE,UCB,EXP3,SqueezePro,KNN,AlegAATr,MACD,Stochastic,BeepBoop,Ensemble,Lstm,MACDStochastic,BollingerBands,MACDKeyLevel,PSAR,MLP,RandomForest,LstmMixture
0,11055.591559999988,9782.384729999994,6558.80966000001,10000.0,10053.962700000115,7958.540900000003,10295.690000000022,7792.100680000045,9179.646780000005,8844.522960000031,9209.797460000009,9392.168520000021,10457.740810000023,9908.784239999995,13348.728039999949,9990.78356999998,10030.940080000011,9789.94312,10941.20698000001,8619.721779999987,8557.376980000028,4521.768259999961,9085.56129000001,4314.409460000598,8743.345590000012
