,Stochastic,MACD,AlegAATr,PSAR,MACDKeyLevel,MACDStochastic,BollingerBands,BeepBoop,Ensemble,UCB,Supertrend,Choc,EEE,RSI,BarMovement,SqueezePro,EXP3,KeltnerChannels,MACrossover
0,10542.239119999998,9468.803940000027,11785.91908000001,9763.365550000213,9764.938560000008,10567.248720000003,9637.992940000007,13155.054319999941,10763.497719999998,10000.0,8464.06152000002,9500.394999999988,9907.254080000017,10000.0,9131.056260000005,10000.0,10183.150990000067,8817.47542000001,10388.0
