,MACDKeyLevel,BarMovement,Stochastic,SqueezePro,CNN,EEE,UCB,LstmMixture,RandomForest,MACDStochastic,PSAR,AlegAATr,Choc,Lstm,RSI,EXP3,KeltnerChannels,MLP,MACD,BollingerBands,MACrossover,BeepBoop,Supertrend,Ensemble,KNN
0,11529.897340000007,10877.1884,10509.645290000002,10406.859439999991,10272.43168,10000.0,10000.0,10000.0,10000.0,10000.0,10000.0,10000.0,9924.258899999999,9815.442120000002,9807.00965,9682.07851,9664.316042857146,9577.886059999999,9410.932280000005,8574.682540000002,7775.239759999967,7567.715370000171,6683.671740000062,5721.77947000002,1295.2182300004818
