,Lstm,PSAR,CNN,BarMovement,BeepBoop,MACDStochastic,MACD,RandomForest,UCB,Supertrend,LstmMixture,RSI,Choc,MACDKeyLevel,Ensemble,KeltnerChannels,Stochastic,EEE,EXP3,BollingerBands,AlegAATr,KNN,MLP,SqueezePro,MACrossover
0,9008.530000000008,8666.668940000018,10000.0,10630.919239999997,7928.241429999989,10199.273600000013,9933.711120000004,11031.478949999997,10009.78492285716,10000.0,9884.791159999993,10399.168200000015,8434.326739999966,10039.539380000002,10805.971069999956,10000.0,9793.577600000015,8817.84187857147,7203.032790000032,9991.423104285614,10000.0,427.00729000032896,9778.066040000029,11196.47066000003,8031.82772000017
