,MACD,Stochastic,AlegAATr,MACDKeyLevel,PSAR,BeepBoop,Ensemble,Lstm,MACDStochastic,BollingerBands,MLP,RandomForest,LstmMixture,MACrossover,KeltnerChannels,CNN,UCB,RSI,BarMovement,Supertrend,Choc,EEE,KNN,EXP3,SqueezePro
0,10401.002140000042,10707.114260000004,10000.0,9721.880060000001,8261.416660000008,7783.936220000396,9665.459250000004,10000.0,10178.426419999998,8131.080219999996,9952.1846,9754.832094285717,10355.873000000001,10000.0,8209.074680000367,9142.11112000038,9304.756840000018,9749.549490000021,9151.45210000006,9062.120760000038,9201.119400000005,8864.799220000095,10000.0,7192.992640000047,9411.922
