,CNN,KeltnerChannels,MACrossover,SqueezePro,EXP3,KNN,Choc,Supertrend,EEE,RSI,BarMovement,UCB,MACDStochastic,BollingerBands,Lstm,BeepBoop,Ensemble,PSAR,MACDKeyLevel,AlegAATr,Stochastic,MACD,LstmMixture,RandomForest,MLP
0,10000.0,11458.12673000004,8999.449819999998,10000.0,10130.117410000006,11753.926600000003,9775.015370000001,9676.49020000002,10049.816420000001,10271.682820000002,9678.311680000006,9802.45699,10090.703999999998,7275.142699999988,3719.853860000122,9801.828450000063,11183.17749999998,8768.186120000035,10000.0,10000.0,9600.86499999999,9577.8698,10000.0,10490.18498,6227.895600000678
