,EXP3,SqueezePro,BarMovement,RSI,Choc,Supertrend,EEE,UCB,KeltnerChannels,MACrossover,BeepBoop,Ensemble,BollingerBands,MACDStochastic,PSAR,MACDKeyLevel,AlegAATr,MACD,Stochastic
0,9682.07851,10406.859439999991,10877.1884,9807.00965,9924.258899999999,6683.671740000062,10000.0,10000.0,9664.316042857146,7775.239759999967,7567.715370000171,5721.77947000002,8574.682540000002,10000.0,10000.0,11529.897340000007,10000.0,9410.932280000005,10509.645290000002
