,KeltnerChannels,MACrossover,EXP3,SqueezePro,RSI,BarMovement,Choc,Supertrend,EEE,UCB,BeepBoop,Ensemble,MACDStochastic,BollingerBands,PSAR,MACDKeyLevel,AlegAATr,MACD,Stochastic
0,9658.601979999996,10946.657200000009,8706.686820000015,9577.013879999984,9585.514800000023,9734.159599999968,10633.491180714302,11657.580340000028,10571.709613571451,10022.71926571431,8774.728379999999,6300.74096,9301.407759999995,9925.969280000018,8730.806270000376,9906.23479142858,10039.311170000025,10893.94485000032,9265.278639999982
