,Stochastic,CNN,RandomForest,MACDStochastic,BeepBoop,KNN,BollingerBands,SqueezePro,MACrossover,UCB,LstmMixture,PSAR,MACDKeyLevel,EEE,BarMovement,RSI,Choc,MACD,MLP,KeltnerChannels,AlegAATr,Lstm,EXP3,Ensemble,Supertrend
0,11354.890700000033,9465.99738000006,8989.739379999995,10151.984859999993,10122.195409999957,9865.811071428505,8459.911210000017,10136.051500000045,10313.38685000016,9601.44545000008,10000.0,8210.171260000538,10916.369690000047,8218.66039571424,6182.012460000086,9970.073339999994,9188.024960000002,12138.05702999997,8433.127500000031,8060.894100000403,9604.866780000082,9471.085659999999,11058.81513000072,9356.16279000005,11280.795600000723
