,KeltnerChannels,MACrossover,BarMovement,RSI,Supertrend,Choc,EEE,UCB,EXP3,SqueezePro,AlegAATr,MACD,Stochastic,BeepBoop,BollingerBands,MACDStochastic,PSAR,MACDKeyLevel
0,10631.715380000001,9411.922,9828.386480000296,9205.10456,10042.216110000092,10000.0,8910.694969999991,10189.693600000008,9546.911660000042,9359.741360000004,9914.546800000015,9762.208140000002,9530.211440000006,11155.509920000022,7997.671540000038,10391.99608,10119.478449999997,9481.239339999998
