,EXP3,SqueezePro,KNN,BarMovement,RSI,Choc,Supertrend,EEE,UCB,CNN,KeltnerChannels,MACrossover,MLP,LstmMixture,RandomForest,BeepBoop,Ensemble,BollingerBands,MACDStochastic,Lstm,PSAR,MACDKeyLevel,AlegAATr,MACD,Stochastic
0,8317.566739999995,9816.271854285707,10000.0,10021.206080000302,9998.40729,11557.12234000002,7219.093880000052,9834.47579999999,9190.137480000003,7431.3518900002,4292.532820000025,10389.014219999995,8718.26458714287,10435.806599999998,9533.497539999986,9390.108219999982,14820.262140000033,6365.874919999968,10000.0,10000.0,9743.363930000005,8991.449430000168,9005.610700000077,10000.0,9790.097150000449
