,KNN,KeltnerChannels,EEE,RSI,MACD,BarMovement,MACDKeyLevel,PSAR,BollingerBands,MACrossover,Stochastic,BeepBoop,Supertrend,AlegAATr,LstmMixture,SqueezePro,MLP,CNN,Ensemble,UCB,EXP3,RandomForest,MACDStochastic,Lstm,Choc
0,9392.168520000021,9781.356309999997,7716.536570000005,10000.0,9909.284,9992.697840000134,8569.767480000028,4550.947859999961,8634.571849999986,11077.161019999985,13363.387399999956,9989.563129999973,7910.382719999999,10000.0,8743.345590000012,9206.045480000008,9085.56129000001,6558.80966000001,10024.960910000003,9181.479320000002,10131.439099999981,4314.409460000598,10936.61736000001,9789.94312,10296.53050000002
