,MACDKeyLevel,Choc,UCB,SqueezePro,KeltnerChannels,MACD,EXP3,Stochastic,BeepBoop,PSAR,MACDStochastic,BollingerBands,BarMovement,Supertrend,AlegAATr,MACrossover
0,8832.138415000021,8527.540640000005,5892.0167800002955,9847.344919999987,8188.725720000013,7636.174639999997,12003.589170000016,6332.524270001285,6388.796759999969,4807.154620001421,5904.411719999971,7049.958979999981,6481.355119999993,9388.183000000034,8294.993620000034,10050.536479999993
