,UCB,SqueezePro,Ensemble,Choc,KeltnerChannels,Stochastic,EXP3,MACD,EEE,MACDKeyLevel,BarMovement,BollingerBands,Supertrend,MACrossover,AlegAATr,BeepBoop,PSAR,RSI,MACDStochastic
0,10192.21824000001,8531.077039999996,10000.0,9937.851170000053,10259.17132999997,9939.945659999985,10376.573429999926,9892.121999999988,8756.527769999966,10000.0,8840.099879999962,9355.979180000013,10181.815579999999,10528.466919999966,10000.0,11098.889519999953,9468.033449999999,10000.0,9797.023320000037
