,KeltnerChannels,MACrossover,SqueezePro,EXP3,Choc,Supertrend,EEE,RSI,BarMovement,UCB,MACDStochastic,BollingerBands,BeepBoop,Ensemble,PSAR,MACDKeyLevel,AlegAATr,Stochastic,MACD
0,10264.56884000001,9215.41029999999,9780.608040000001,9571.442271428574,9786.668800000007,8708.407730000095,8698.453147142889,10000.0,9927.772747142853,8998.75266714287,10000.0,9770.429680000001,9712.02997,7799.977390000221,11049.38568000003,10000.0,8994.058937142869,9918.199999999999,8547.485920000177
