,BeepBoop,MACDStochastic,RSI,PSAR,BollingerBands,BarMovement,AlegAATr,MACrossover,Supertrend,EEE,MACDKeyLevel,KeltnerChannels,Ensemble,Choc,UCB,SqueezePro,MACD,Stochastic,EXP3
0,7928.241429999989,10199.273600000013,10399.168200000015,8666.668940000018,9991.423104285614,10630.919239999997,10000.0,8031.82772000017,10000.0,8817.84187857147,10039.539380000002,10000.0,10805.971069999956,8434.326739999966,10009.78492285716,11196.47066000003,9933.711120000004,9793.577600000015,7203.032790000032
