,MACD,EXP3,RSI,SqueezePro,MLP,UCB,MACDStochastic,KNN,Supertrend,BeepBoop,AlegAATr,CNN,PSAR,Choc,BollingerBands,RandomForest,EEE,MACrossover,Ensemble,Stochastic,BarMovement,MACDKeyLevel,Lstm,KeltnerChannels,LstmMixture
0,9410.932280000005,9682.07851,9807.00965,10406.859439999991,9577.886059999999,10000.0,10000.0,1295.2182300004818,6683.671740000062,7567.715370000171,10000.0,10272.43168,10000.0,9924.258899999999,8574.682540000002,10000.0,10000.0,7775.239759999967,5721.77947000002,10509.645290000002,10877.1884,11529.897340000007,9815.442120000002,9664.316042857146,10000.0
