,Choc,Lstm,LstmMixture,EEE,CNN,RSI,EXP3,BollingerBands,KNN,Stochastic,AlegAATr,MLP,RandomForest,BeepBoop,UCB,KeltnerChannels,BarMovement,MACDStochastic,PSAR,MACD,MACDKeyLevel,Supertrend,SqueezePro,MACrossover,Ensemble
0,9201.122340000004,10000.0,10355.873000000001,8044.582020000178,9142.11112000038,9751.089990000024,11239.510120000054,8121.543819999997,10000.0,10684.294040000002,9303.236460000016,9952.1846,9754.832094285717,7780.790210000395,9301.337980000018,8212.394340000365,9172.507560000055,10178.426419999998,8262.11904,10401.002140000042,9721.880060000001,9077.272560000034,9411.922,10000.0,9650.731500000004
