,UCB,BarMovement,Stochastic,MACDStochastic,Ensemble,CNN,KeltnerChannels,Supertrend,LstmMixture,AlegAATr,SqueezePro,MACDKeyLevel,RSI,BollingerBands,BeepBoop,MACD,Choc,EEE,PSAR,EXP3,Lstm,MACrossover,RandomForest,MLP,KNN
0,10910.500825714305,10565.694360000001,10279.90016000001,10257.022640000023,10030.205702500014,10000.0,10000.0,10000.0,10000.0,10000.0,9948.290450000024,9726.058748571442,9586.442760000004,9369.036887142873,9290.576689999984,9265.407690000071,9251.60468,9129.127359999982,8857.712379999994,8641.31648000002,8172.671559999991,7461.972900000263,7422.700070000019,7421.474500000016,776.7369700006026
