,MACD,EXP3,RSI,SqueezePro,MLP,UCB,MACDStochastic,KNN,Supertrend,BeepBoop,AlegAATr,CNN,PSAR,Choc,BollingerBands,RandomForest,EEE,MACrossover,Ensemble,Stochastic,BarMovement,MACDKeyLevel,Lstm,KeltnerChannels,LstmMixture
0,10000.0,9567.427140000078,9998.40729,9817.212854285708,8718.26458714287,9193.8119,10000.0,10000.0,7209.115160000052,9425.897439999992,9191.591940000002,7431.3518900002,9754.478410000007,11560.178060000018,6405.937159999966,9533.497539999986,6675.954250000031,10395.854439999997,14838.25343000003,9802.218620000454,10021.153000000297,8998.709480000169,10000.0,4298.840440000023,10435.806599999998
