,MACDKeyLevel,EEE,EXP3,Stochastic,MACD,UCB,SqueezePro,Choc,KeltnerChannels,PSAR,RSI,MACDStochastic,BeepBoop,Supertrend,MACrossover,AlegAATr,BarMovement
0,9219.129120000413,6327.899290000022,5771.110359999988,7139.338710000008,7083.981479999982,11087.995180000024,7827.796179999969,9614.105070000067,8657.101890000378,9875.545220000024,10197.932469999996,8855.94683999992,8561.09752,5153.815119999984,9920.767000000002,10707.788730000015,8337.76866000001
