,MACD,Stochastic,AlegAATr,MACDKeyLevel,PSAR,BeepBoop,Ensemble,MACDStochastic,BollingerBands,MACrossover,KeltnerChannels,UCB,RSI,BarMovement,Supertrend,Choc,EEE,EXP3,SqueezePro
0,10401.002140000042,10684.294040000002,9303.236460000016,9721.880060000001,8262.11904,7780.790210000395,9650.731500000004,10178.426419999998,8121.543819999997,10000.0,8212.394340000365,9301.337980000018,9751.089990000024,9172.507560000055,9077.272560000034,9201.122340000004,8044.582020000178,11239.510120000054,9411.922
