,Stochastic,MACD,AlegAATr,PSAR,MACDKeyLevel,MACDStochastic,BollingerBands,BeepBoop,Supertrend,Choc,BarMovement,SqueezePro,KeltnerChannels,MACrossover
0,10548.87772,9469.550820000028,9795.71496666667,9760.2945600002,9764.146080000008,10567.248720000003,9638.026820000008,13132.624079999956,8467.449020000016,9500.394999999988,9086.099700000006,10000.0,8805.47564000001,10390.4
