,MACD,Stochastic,AlegAATr,MACDKeyLevel,PSAR,BeepBoop,Ensemble,BollingerBands,MACDStochastic,UCB,BarMovement,RSI,Supertrend,Choc,EEE,EXP3,SqueezePro,MACrossover,KeltnerChannels
0,9645.139420000205,11173.19056000084,9737.705590000038,9853.742040000005,10000.0,7512.8201900003805,10538.46374428575,11881.180709999884,9682.295259999994,9247.289780000028,8353.073940000007,9304.819240000008,8827.313239999998,10011.877799999982,8493.666020000033,9783.671330000057,9554.71586,8941.077580000103,11083.829869999996
