,MACD,Stochastic,AlegAATr,MACDKeyLevel,PSAR,BeepBoop,Ensemble,MACDStochastic,BollingerBands,MACrossover,KeltnerChannels,UCB,RSI,BarMovement,Supertrend,Choc,EEE,EXP3,SqueezePro
0,9984.486130000116,10608.468500000025,11200.77954357145,9788.72713000001,9996.852479999989,9771.23035,9554.571610000059,10536.799999999996,10179.932,9800.000000000004,9782.258499999985,11177.49675357145,10000.0,9318.917906428589,9022.918550000099,9354.338499999993,10165.563092857146,9171.700995714284,9961.14212
