,BarMovement,BollingerBands,MACrossover,AlegAATr,Supertrend,BeepBoop,MACDStochastic,PSAR,KeltnerChannels,UCB,SqueezePro,Choc,EXP3,Stochastic,MACD,EEE,MACDKeyLevel
0,8252.307325714282,7846.886210000421,7490.279019999966,10476.212466428638,10013.323310000973,3662.683170000999,8951.402200000177,3375.9403400000115,9176.93172,10336.715325714309,10165.401959999977,8827.53931999999,9871.023847142866,2637.105760000009,11031.085070000086,10811.370600000073,10487.109870000002
