,MACDKeyLevel,EEE,MACD,EXP3,Stochastic,Ensemble,Choc,UCB,SqueezePro,KeltnerChannels,RSI,PSAR,MACDStochastic,BeepBoop,Supertrend,AlegAATr,MACrossover,BollingerBands,BarMovement
0,9547.726660000006,9592.98369,15193.621309999942,7464.039794285711,9020.543770000006,8134.363422857152,9650.047700000065,9670.41648,9937.115730000021,7609.621779999996,10000.0,10000.0,9105.841740000053,10020.951714285704,10157.447690000236,9638.0181,9425.18364000004,9489.531900000078,9492.125679999997
