,PSAR,MACDKeyLevel,BeepBoop,BollingerBands,MACDStochastic,MACD,Stochastic,AlegAATr,EXP3,SqueezePro,UCB,BarMovement,RSI,Choc,Supertrend,EEE,KeltnerChannels,MACrossover
0,11910.329940000005,10224.962199999993,8580.967970000069,8490.998620000015,13126.075840000003,11611.485499999986,9171.375720000678,11058.004800000012,10502.651240000003,10000.0,11052.123100000013,11388.599720000031,10166.403839999995,10350.8106,12074.207039999963,9960.096999999985,8774.747669999977,9884.690370000004
