,UCB,SqueezePro,Choc,KeltnerChannels,Stochastic,EXP3,MACD,EEE,BarMovement,BollingerBands,Supertrend,MACrossover,AlegAATr,BeepBoop,PSAR,RSI,MACDStochastic
0,10151.054040000005,8535.8514,9939.861670000053,10258.78720999997,9929.574519999984,16260.609810000013,9892.121999999988,13991.068389999875,8836.980179999944,9355.976920000005,10177.19376000001,10525.537359999968,11830.415289999968,11110.351379999956,9443.055579999997,10000.0,9791.11660000003
