,MACDKeyLevel,KNN,EEE,CNN,EXP3,RandomForest,Stochastic,MACD,UCB,SqueezePro,Lstm,Ensemble,Choc,KeltnerChannels,PSAR,RSI,MACDStochastic,BeepBoop,MLP,Supertrend,LstmMixture,MACrossover,AlegAATr,BarMovement,BollingerBands
0,9219.195100000416,7053.320410000019,10539.34396000007,7907.624200000003,11748.130700000002,9584.72872,7122.580270000012,7096.251139999978,11035.430670000025,7822.460759999962,8584.894780000024,10340.014503571483,9610.282090000064,8648.827110000382,9874.04131000002,10197.514449999997,8845.370699999927,8544.321040000012,7875.926099999996,5131.259979999983,8790.979319999999,9903.211200000003,9944.891400000008,8340.776740000008,10000.0
