,Stochastic,MACD,AlegAATr,MACDKeyLevel,PSAR,BollingerBands,MACDStochastic,BeepBoop,Ensemble,UCB,Supertrend,Choc,EEE,BarMovement,RSI,SqueezePro,EXP3,MACrossover,KeltnerChannels
0,10000.0,8202.485139999986,7293.728115952414,9199.002700000083,8108.741939999997,8268.581500000219,8462.437777142897,9824.178592857144,8141.4670400000405,10364.475957142873,7466.458800000561,10777.274500000054,10160.621324999998,10770.975355000026,7868.35096,9750.712920000002,9894.718850000007,11110.760520000013,11177.087639999994
