,MACDKeyLevel,Stochastic,MACD,SqueezePro,Choc,KeltnerChannels,PSAR,RSI,MACDStochastic,BeepBoop,Supertrend,MACrossover,AlegAATr,BarMovement
0,9219.129120000413,7139.338710000008,7083.981479999982,7827.796179999969,9614.105070000067,8657.101890000378,9875.545220000024,10197.932469999996,8855.94683999992,8561.09752,5153.815119999984,9920.767000000002,8525.613210000043,8337.76866000001
