,MACD,Stochastic,AlegAATr,MACDKeyLevel,PSAR,BeepBoop,MACDStochastic,BollingerBands,MACrossover,KeltnerChannels,UCB,RSI,BarMovement,Supertrend,Choc,EXP3,SqueezePro
0,10403.645510000044,10726.342880000006,10871.939610000036,9721.880060000001,8269.660360000002,7784.982710000394,10178.426419999998,8127.890940000001,10000.0,8213.731990000371,10476.132620000035,9751.843950000024,9150.286540000056,9050.884500000038,9200.372000000005,11070.091140000184,9411.922
