,MACDKeyLevel,PSAR,BeepBoop,Ensemble,BollingerBands,MACDStochastic,MACD,Stochastic,AlegAATr,MACrossover,KeltnerChannels,EXP3,SqueezePro,UCB,BarMovement,RSI,Choc,Supertrend,EEE
0,9275.938959999976,10504.448379999998,11296.789700000016,8791.288354285914,8261.186859999998,9160.139699999998,12057.643519999996,9140.310600000013,8330.423477142944,9947.0008,10000.0,9883.731920000007,10000.0,9524.49235,10270.19090000001,10000.0,10334.633099999985,8090.813480000022,9600.708159999991
