,MACDKeyLevel,EEE,MACD,EXP3,Stochastic,Ensemble,Choc,UCB,SqueezePro,KeltnerChannels,RSI,PSAR,MACDStochastic,BeepBoop,Supertrend,AlegAATr,MACrossover,BollingerBands,BarMovement
0,9540.147749999995,8887.112510000015,15156.584909999945,8355.09136857151,9020.86467,8188.496280000005,9653.429960000067,9638.0181,9927.159840000022,7600.550480000003,10000.0,10000.0,9102.11748000005,10043.783431428561,10133.197920000217,9835.247740000017,9388.039160000033,9467.380540000077,9438.964239999998
