,MACDKeyLevel,EEE,EXP3,Stochastic,MACD,UCB,SqueezePro,Choc,PSAR,RSI,MACDStochastic,BeepBoop,MACrossover,AlegAATr,BarMovement,BollingerBands
0,9724.344008571443,9129.127359999982,8641.31648000002,10290.985890000014,9263.934620000071,10910.500825714305,9949.614070000025,9260.500400000003,8842.658629999994,9586.442760000004,10257.022640000023,9298.73681999999,7465.039350000264,10000.0,10565.694360000001,9366.178450000012
