,PSAR,MACDKeyLevel,BeepBoop,BollingerBands,MACDStochastic,MACD,Stochastic,AlegAATr,SqueezePro,BarMovement,RSI,Choc,Supertrend,KeltnerChannels,MACrossover
0,11910.329940000005,10224.962199999993,8580.967970000069,8490.998620000015,13126.075840000003,11611.485499999986,9171.375720000678,14140.793650000176,10000.0,11388.599720000031,10166.403839999995,10350.8106,12074.207039999963,8774.747669999977,9884.690370000004
