,EXP3,SqueezePro,BarMovement,RSI,Choc,Supertrend,EEE,UCB,KeltnerChannels,MACrossover,BeepBoop,Ensemble,BollingerBands,MACDStochastic,PSAR,MACDKeyLevel,AlegAATr,MACD,Stochastic
0,8317.566739999995,9816.271854285707,10021.206080000302,9998.40729,11557.12234000002,7219.093880000052,9834.47579999999,9190.137480000003,4292.532820000025,10389.014219999995,9390.108219999982,14820.262140000033,6365.874919999968,10000.0,9743.363930000005,8991.449430000168,9005.610700000077,10000.0,9790.097150000449
