,MACDStochastic,RSI,PSAR,BeepBoop,AlegAATr,MACrossover,Supertrend,BollingerBands,BarMovement,MACDKeyLevel,EEE,MACD,Stochastic,EXP3,KeltnerChannels,Ensemble,Choc,UCB,SqueezePro
0,10151.984859999993,9970.073339999994,8210.171260000538,10122.195409999957,9604.866780000082,10313.38685000016,11280.795600000723,8459.911210000017,6182.012460000086,10916.369690000047,8218.66039571424,12138.05702999997,11354.890700000033,11058.81513000072,8060.894100000403,9356.16279000005,9188.024960000002,9601.44545000008,10136.051500000045
