,KeltnerChannels,MACrossover,EXP3,SqueezePro,RSI,BarMovement,Choc,Supertrend,EEE,UCB,BeepBoop,MACDStochastic,BollingerBands,PSAR,MACDKeyLevel,AlegAATr,MACD,Stochastic
0,9682.414359999995,10957.323760000008,11289.74032999997,9573.195939999981,9583.556160000022,9738.021059999972,10630.04403142859,11637.41720000003,11405.994580000264,10012.958120000025,8760.627460000002,9310.686899999999,9933.108880000014,8724.041640000365,9905.342268571438,7806.122974285756,10885.612460000324,9285.209059999983
