,BarMovement,BollingerBands,MACrossover,AlegAATr,Supertrend,LstmMixture,MLP,BeepBoop,MACDStochastic,PSAR,RSI,KeltnerChannels,UCB,Lstm,SqueezePro,Ensemble,Choc,EXP3,RandomForest,Stochastic,MACD,EEE,CNN,KNN,MACDKeyLevel
0,8249.23715142857,7853.928950000425,7487.457599999966,10259.879330238127,10009.30705000097,8356.311590000765,8282.548480001045,3663.8569300009967,8956.415380000177,3372.2092800000037,10000.0,9238.804159999994,10337.514605714308,9964.28999,10163.325699999978,7957.513339999989,8828.875319999985,6997.844075714756,9979.71923999998,2641.094600000018,11019.098230000092,8359.742010000113,9962.463995714263,9459.73088000002,10503.85621
