,BollingerBands,Ensemble,MACD,Choc,AlegAATr,KNN,KeltnerChannels,MACDKeyLevel,RandomForest,SqueezePro,Lstm,UCB,RSI,Supertrend,MLP,BeepBoop,MACDStochastic,Stochastic,PSAR,MACrossover,EXP3,BarMovement,CNN,LstmMixture,EEE
0,10423.905699999998,9422.016676428593,11364.547059999995,10509.349128571406,10000.0,3121.635370001977,4707.647359999976,10335.948969999998,10000.0,9186.036399999999,8398.81151000057,9788.856908571419,10000.0,12877.939779999977,10000.0,9521.45284000054,9038.106660000016,12379.187900000035,8125.766919999999,8793.539519999997,12134.587909999991,8977.454719999969,8466.85047999997,10000.0,7666.104040000034
