,BarMovement,BollingerBands,MACrossover,AlegAATr,Supertrend,BeepBoop,MACDStochastic,PSAR,KeltnerChannels,SqueezePro,Choc,Stochastic,MACD,MACDKeyLevel
0,8252.307325714282,7846.886210000421,7490.279019999966,8652.796861428562,10013.323310000973,3662.683170000999,8951.402200000177,3375.9403400000115,9176.93172,10165.401959999977,8827.53931999999,2637.105760000009,11031.085070000086,10487.109870000002
