,MACrossover,KeltnerChannels,RSI,BarMovement,Supertrend,Choc,EEE,UCB,EXP3,SqueezePro,AlegAATr,MACD,Stochastic,BeepBoop,Ensemble,MACDStochastic,BollingerBands,MACDKeyLevel,PSAR
0,11077.161019999985,9781.356309999997,10000.0,9992.697840000134,7910.382719999999,10296.53050000002,7716.536570000005,9181.479320000002,10131.439099999981,9206.045480000008,10000.0,9909.284,13363.387399999956,9989.563129999973,10024.960910000003,10936.61736000001,8634.571849999986,8569.767480000028,4550.947859999961
