,MACrossover,Lstm,RandomForest,UCB,RSI,Ensemble,CNN,Supertrend,BollingerBands,KeltnerChannels,SqueezePro,MLP,MACDStochastic,KNN,Stochastic,Choc,EXP3,BarMovement,MACDKeyLevel,LstmMixture,AlegAATr,BeepBoop,EEE,PSAR,MACD
0,8995.771259999998,3719.853860000122,10490.18498,9798.36218,10267.614620000002,11180.895279999977,10000.0,9682.674840000016,7285.779919999981,11460.775260000039,10000.0,6227.895600000678,10089.879999999997,11753.926600000003,9599.29999999999,9783.351490000001,9339.303639999993,9679.895040000007,10000.0,10000.0,10000.0,9797.998910000058,11171.736580000023,8756.28740000003,9577.8698
