,MACDKeyLevel,EEE,EXP3,Stochastic,MACD,UCB,SqueezePro,Ensemble,Choc,KeltnerChannels,PSAR,RSI,MACDStochastic,BeepBoop,Supertrend,MACrossover,AlegAATr,BarMovement,BollingerBands
0,9726.058748571442,9129.127359999982,8641.31648000002,10279.90016000001,9265.407690000071,10910.500825714305,9948.290450000024,10030.205702500014,9251.60468,10000.0,8857.712379999994,9586.442760000004,10257.022640000023,9290.576689999984,10000.0,7461.972900000263,10000.0,10565.694360000001,9369.036887142873
