,KeltnerChannels,MACrossover,SqueezePro,EXP3,Choc,Supertrend,EEE,RSI,BarMovement,UCB,MACDStochastic,BollingerBands,BeepBoop,PSAR,AlegAATr,Stochastic,MACD
0,11459.863220000041,9000.55818,10000.0,8548.313900000037,9779.183430000001,9668.375840000015,10104.058599999998,10272.892680000003,9675.812340000006,10151.397849999996,10089.879999999997,7289.665179999983,9797.231140000064,8763.268040000032,10472.32556000002,9600.07999999999,9577.8698
