,KeltnerChannels,MACrossover,BarMovement,RSI,Supertrend,Choc,EEE,UCB,EXP3,SqueezePro,AlegAATr,MACD,Stochastic,BeepBoop,Ensemble,BollingerBands,MACDStochastic,PSAR,MACDKeyLevel
0,10642.605360000001,9411.922,9809.686130000286,9205.10456,10047.37493000009,10000.0,9725.513240000007,9912.964800000012,7592.467410000063,9346.705200000004,9914.546800000015,9765.66742,9519.705010000003,11153.714520000025,9737.708129999997,7994.490820000042,10394.66272,10116.544339999999,9482.059039999998
