,MACrossover,KeltnerChannels,SqueezePro,EXP3,Choc,Supertrend,EEE,BarMovement,RSI,UCB,BollingerBands,MACDStochastic,BeepBoop,MACDKeyLevel,PSAR,AlegAATr,Stochastic,MACD
0,10614.716240000007,9067.651309285691,10248.497550000006,7500.314570000188,10250.224840000004,7179.242120000232,9695.081995714327,8944.242400000394,9828.66838000001,11045.199865714323,8818.540420000309,10806.01283,4686.46184000013,10501.407149999997,9704.29508,9694.279600000005,10954.969569999997,8669.177879999972
