,MACDStochastic,RSI,PSAR,MLP,BeepBoop,AlegAATr,MACrossover,LstmMixture,Supertrend,BollingerBands,BarMovement,KNN,MACDKeyLevel,CNN,EEE,MACD,RandomForest,Stochastic,EXP3,KeltnerChannels,Ensemble,Choc,UCB,SqueezePro,Lstm
0,10155.27867999999,9963.03788714285,8203.167290000536,8433.127500000031,10124.1707028571,9834.4932280952,10307.68541000017,10000.0,11262.977080000723,8470.453950000028,6205.155120000086,9865.811071428505,10911.25943000005,9465.99738000006,10548.182749999976,12131.153379999969,8989.739379999995,11265.97430000003,10210.136152857187,8055.371130000406,9369.690480000037,9189.909220000001,9619.52099000008,10143.003290000046,9471.085659999999
