,RSI,BarMovement,Supertrend,Choc,EEE,UCB,EXP3,SqueezePro,KeltnerChannels,MACrossover,AlegAATr,MACD,Stochastic,BeepBoop,Ensemble,MACDStochastic,BollingerBands,PSAR,MACDKeyLevel
0,10000.0,8977.454719999969,12877.939779999977,10509.349128571406,7666.104040000034,9788.856908571419,12134.587909999991,9186.036399999999,4707.647359999976,8793.539519999997,10000.0,11364.547059999995,12379.187900000035,9521.45284000054,9422.016676428593,9038.106660000016,10423.905699999998,8125.766919999999,10335.948969999998
