,BollingerBands,MACDKeyLevel,MACDStochastic,UCB,RandomForest,AlegAATr,BarMovement,MACD,Supertrend,KNN,BeepBoop,KeltnerChannels,Choc,RSI,SqueezePro,LstmMixture,CNN,PSAR,Stochastic,Lstm,Ensemble,EEE,MLP,MACrossover,EXP3
0,10000.0,9224.85913000042,8845.365999999924,11029.636170000022,9584.72872,10736.774400000015,8327.297260000012,7081.087139999981,5155.149719999982,7053.320410000019,8514.606440000014,8646.837030000379,9614.033800000065,10198.350489999997,7827.7370999999675,8790.979319999999,7907.624200000003,9869.58309000001,7134.746120000007,8584.894780000024,10332.181472857197,11706.348420000048,7875.926099999996,9904.036940000002,9029.097360000029
