,EXP3,SqueezePro,BarMovement,RSI,Choc,Supertrend,EEE,UCB,KeltnerChannels,MACrossover,BeepBoop,BollingerBands,MACDStochastic,MACDKeyLevel,AlegAATr,MACD,Stochastic
0,9682.07851,10406.859439999991,10877.1884,9805.40973,9924.414100000002,6687.3151000000635,10000.0,10000.0,9660.71211714286,7769.1187399999735,7565.443310000168,8573.144359999997,10000.0,11526.941580000006,10000.0,9354.412540000008,10527.262790000002
