,EXP3,SqueezePro,BarMovement,RSI,Choc,Supertrend,EEE,UCB,KeltnerChannels,MACrossover,BeepBoop,Ensemble,BollingerBands,MACDStochastic,PSAR,MACDKeyLevel,AlegAATr,MACD,Stochastic
0,9567.427140000078,9817.212854285708,10021.153000000297,9998.40729,11560.178060000018,7209.115160000052,6675.954250000031,9193.8119,4298.840440000023,10395.854439999997,9425.897439999992,14838.25343000003,6405.937159999966,10000.0,9754.478410000007,8998.709480000169,9191.591940000002,10000.0,9802.218620000454
