,KeltnerChannels,MACrossover,SqueezePro,EXP3,Choc,Supertrend,EEE,RSI,BarMovement,UCB,MACDStochastic,BollingerBands,BeepBoop,Ensemble,PSAR,MACDKeyLevel,AlegAATr,Stochastic,MACD
0,11460.775260000039,8995.771259999998,10000.0,9339.303639999993,9783.351490000001,9682.674840000016,11171.736580000023,10267.614620000002,9679.895040000007,9798.36218,10089.879999999997,7285.779919999981,9797.998910000058,11180.895279999977,8756.28740000003,10000.0,10000.0,9599.29999999999,9577.8698
