,AlegAATr,MACrossover,LstmMixture,Supertrend,BollingerBands,BarMovement,MACDStochastic,RSI,PSAR,MLP,BeepBoop,MACD,EXP3,RandomForest,Stochastic,KeltnerChannels,Ensemble,Choc,UCB,SqueezePro,Lstm,KNN,MACDKeyLevel,EEE,CNN
0,8049.27344000007,9131.135220000018,9797.444,7497.74376,8455.407520000015,6698.630680000056,10362.54808142856,10000.0,3735.2918599999757,4970.602370000693,10200.390499999992,7931.947289999991,9351.176310000004,8522.057000000035,10421.082529999969,8772.851200000006,6946.481140000063,8982.310580000007,9509.348891428524,8659.420519999998,10286.9405,12956.626500000108,9626.088240000028,8578.51010000003,10000.0
