,PSAR,KeltnerChannels,CNN,RSI,MACDStochastic,Lstm,MACDKeyLevel,LstmMixture,RandomForest,MLP,BarMovement,Stochastic,Choc,SqueezePro,BollingerBands,BeepBoop,EXP3,MACrossover,UCB,AlegAATr,Supertrend,EEE,MACD,KNN,Ensemble
0,11049.38568000003,10264.56884000001,10000.0,10000.0,10000.0,10000.0,10000.0,10000.0,10000.0,10000.0,9927.772747142853,9918.199999999999,9786.668800000007,9780.608040000001,9770.429680000001,9712.02997,9571.442271428574,9215.41029999999,8998.75266714287,8994.058937142869,8708.407730000095,8698.453147142889,8547.485920000177,8307.685919999944,7799.977390000221
