,MACD,Supertrend,LstmMixture,Stochastic,Ensemble,EEE,BarMovement,KNN,MACrossover,Choc,MLP,Lstm,RandomForest,AlegAATr,RSI,EXP3,PSAR,SqueezePro,CNN,UCB,MACDStochastic,MACDKeyLevel,BollingerBands,BeepBoop,KeltnerChannels
0,7921.940089999997,7459.492599999997,9797.444,10426.722209999969,6926.856220000062,9072.366749999997,6713.397080000057,12956.626500000108,9139.452160000012,8959.740960000008,4970.602370000693,10286.9405,8522.057000000035,9882.794443571378,10000.0,10166.957449999993,3740.2469199999728,8685.79938,10000.0,9518.356987857096,10356.001407857131,9627.711800000023,8451.222180000015,10213.022169999997,8775.590450000002
