,MACDKeyLevel,PSAR,BeepBoop,Ensemble,MACDStochastic,BollingerBands,MACD,Stochastic,AlegAATr,EXP3,SqueezePro,UCB,RSI,BarMovement,Choc,Supertrend,EEE,MACrossover,KeltnerChannels
0,9810.338790000003,6372.162420000104,8729.282670000024,10970.87397571428,8657.81351999999,8034.259680000005,7256.702140000035,11368.567659999999,10093.64244178576,8114.578080000002,8986.716779999992,10082.673732857143,10000.0,11958.711639999956,10524.022840000049,9166.744459999974,9969.983502857096,9188.472980000097,9439.213700000022
