,MACrossover,KeltnerChannels,BarMovement,Supertrend,Choc,UCB,EXP3,SqueezePro,AlegAATr,MACD,Stochastic,BeepBoop,MACDStochastic,BollingerBands,MACDKeyLevel,PSAR
0,11067.25999999999,9796.664009999993,10005.816920000116,7930.048679999998,10296.53050000002,9180.036520000003,10176.283999999983,9186.32364000001,8380.865950000107,9916.29296,13348.002359999944,9969.967849999974,10926.60398000001,8633.227559999988,8561.469260000027,4533.4533199999605
