,KeltnerChannels,MACrossover,SqueezePro,EXP3,Choc,Supertrend,EEE,RSI,BarMovement,UCB,MACDStochastic,BollingerBands,BeepBoop,PSAR,MACDKeyLevel,AlegAATr,Stochastic,MACD
0,10263.215600000012,9215.40699999999,9783.84444,9571.442271428574,9786.668800000007,8708.400390000095,8698.453147142889,10000.0,9934.470496428568,8998.75266714287,10000.0,9768.4341,9694.43263,11030.68260000003,10000.0,8995.38725714287,9918.199999999999,8547.430840000177
