,EEE,MACDKeyLevel,Ensemble,Choc,UCB,SqueezePro,KeltnerChannels,MACD,EXP3,Stochastic,BeepBoop,RSI,PSAR,MACDStochastic,BollingerBands,BarMovement,Supertrend,AlegAATr,MACrossover
0,5305.376795000178,8831.221360000018,6860.578725714351,8529.863700000005,5889.080980000296,9858.515579999985,8184.071620000012,7657.533499999998,11317.64983000007,6327.498110001293,6379.089499999966,10000.0,4795.167550001419,5891.715279999963,7054.926859999984,6463.3054799999945,9381.303600000034,9873.333780000088,10065.175459999999
