,MLP,RandomForest,LstmMixture,MACD,Stochastic,AlegAATr,MACDKeyLevel,PSAR,BeepBoop,Ensemble,Lstm,BollingerBands,MACDStochastic,UCB,BarMovement,RSI,Supertrend,Choc,EEE,KNN,EXP3,SqueezePro,MACrossover,KeltnerChannels,CNN
0,8276.239800000005,10000.0,10361.868321428621,9639.58076000021,11179.147000000836,9271.866527142898,9854.755960000004,10000.0,7519.779880000383,10578.000014285748,10000.0,11905.05389999987,9697.961799999995,9256.373040000031,8345.42936000001,9325.49704000001,8821.753439999993,10004.450419999981,9444.041190000005,10000.0,11359.766350000164,9557.438839999999,8942.9063000001,11068.39705,10000.0
