,MACDKeyLevel,PSAR,BeepBoop,Ensemble,BollingerBands,MACDStochastic,MACD,Stochastic,AlegAATr,MACrossover,KeltnerChannels,EXP3,SqueezePro,UCB,BarMovement,RSI,Choc,Supertrend,EEE
0,9273.929239999981,10501.873539999997,11290.528260000026,8794.609634285913,8271.328699999998,9156.388019999997,12063.240519999998,9123.171230000013,9527.60528,9944.964819999997,10000.0,14286.10388000002,10000.0,9527.99062,10275.226980000018,10000.0,10332.590499999986,8082.505200000028,9643.891329999975
