,UCB,Lstm,SqueezePro,Ensemble,Choc,KeltnerChannels,RandomForest,Stochastic,EXP3,MACD,CNN,EEE,MACDKeyLevel,KNN,BarMovement,BollingerBands,Supertrend,LstmMixture,MACrossover,AlegAATr,BeepBoop,MLP,PSAR,RSI,MACDStochastic
0,10196.48289000001,10681.293600000046,8534.83724,10000.0,9937.851170000053,10260.11058999997,7233.6420599999965,9933.983859999984,7786.248189999945,9892.121999999988,9130.29221285711,10308.84155999994,10000.0,8043.156030000929,8828.423579999959,9352.202520000004,10174.692950000004,10000.0,10531.134879999967,12749.909079999969,11089.067759999956,9409.266200000031,9493.058010000002,10000.0,9793.005080000034
