,MACD,Stochastic,AlegAATr,MACDKeyLevel,BeepBoop,BollingerBands,MACDStochastic,BarMovement,RSI,Supertrend,Choc,SqueezePro,MACrossover,KeltnerChannels
0,9644.32338000021,11162.876550000847,10767.514031428607,9853.742040000005,7507.8000800003865,11880.514439999879,9689.375159999998,8344.680540000012,9304.82806000001,8813.206159999989,10004.60813999998,9542.31472,8946.566940000108,11066.246000000001
