,MACrossover,Lstm,RandomForest,UCB,RSI,Ensemble,CNN,Supertrend,BollingerBands,KeltnerChannels,SqueezePro,MLP,MACDStochastic,KNN,Stochastic,Choc,EXP3,BarMovement,MACDKeyLevel,LstmMixture,AlegAATr,BeepBoop,EEE,PSAR,MACD
0,9215.41029999999,10000.0,10000.0,8998.75266714287,10000.0,7799.977390000221,10000.0,8708.407730000095,9770.429680000001,10264.56884000001,9780.608040000001,10000.0,10000.0,8307.685919999944,9918.199999999999,9786.668800000007,9571.442271428574,9927.772747142853,10000.0,10000.0,8994.058937142869,9712.02997,8698.453147142889,11049.38568000003,8547.485920000177
