,KeltnerChannels,MACrossover,EXP3,SqueezePro,RSI,BarMovement,Choc,Supertrend,EEE,UCB,BeepBoop,Ensemble,MACDStochastic,BollingerBands,PSAR,MACDKeyLevel,AlegAATr,MACD,Stochastic
0,9682.414359999995,10935.990640000009,8105.9972600000165,9571.587939999983,9585.514800000023,9722.76401999997,10630.881930000014,11651.327960000033,9251.851040000023,10034.459737142883,8752.274279999998,6316.6810000000005,9301.32968000001,9927.571430000016,8712.895720000366,9908.359840714293,10000.0,10892.532490000329,9291.728479999989
