,PSAR,MACDKeyLevel,MACDStochastic,BollingerBands,Lstm,BeepBoop,Ensemble,Stochastic,MACD,AlegAATr,LstmMixture,RandomForest,MLP,CNN,KeltnerChannels,MACrossover,KNN,SqueezePro,EXP3,UCB,Choc,Supertrend,EEE,RSI,BarMovement
0,5594.86572000006,9831.608419999997,9565.892759999999,10627.852340000003,10248.246949999988,11160.838360000007,6472.405010000067,7171.857040000023,9919.522239999993,9058.098805000003,10308.571760000086,9640.133321428568,9565.556630000843,9794.01853,7880.806220000006,10467.950479999994,10543.257311428595,10287.45616,9686.94902857143,9881.284420000002,10628.946750000008,7601.129400000225,10014.476355714298,9985.8021,10050.497508571412
