,MACDKeyLevel,Supertrend,Lstm,Stochastic,PSAR,KeltnerChannels,RandomForest,KNN,BollingerBands,LstmMixture,Ensemble,MACDStochastic,RSI,UCB,AlegAATr,SqueezePro,BeepBoop,MACrossover,MLP,EEE,Choc,CNN,MACD,EXP3,BarMovement
0,9811.556804285718,9171.552319999972,9581.237999999987,11372.841519999998,6365.078920000092,9439.701950000019,6715.808120000013,10000.0,7998.572800000003,7761.056819999989,10957.837756428571,8648.463859999989,10000.0,10086.528232857145,10294.866087142856,8987.992199999993,8729.542290000021,9190.92421000009,10000.0,11001.953700000056,10526.577710000047,9790.915449999999,7240.500640000031,9369.164090000038,11915.128039999956
