,MACDKeyLevel,RSI,Supertrend,EEE,SqueezePro,BollingerBands,CNN,RandomForest,Lstm,KNN,Ensemble,MACD,Stochastic,LstmMixture,MACrossover,MLP,UCB,Choc,MACDStochastic,KeltnerChannels,EXP3,AlegAATr,BarMovement,BeepBoop,PSAR
0,9482.059039999998,9205.10456,10047.37493000009,9725.513240000007,9346.705200000004,7994.490820000042,8300.494040000283,10000.0,8723.687900000006,6960.729420000044,9737.708129999997,9765.66742,9519.705010000003,10000.0,9411.922,9059.08143999999,9912.964800000012,10000.0,10394.66272,10642.605360000001,7592.467410000063,9914.546800000015,9809.686130000286,11153.714520000025,10116.544339999999
