,Stochastic,EXP3,MACDKeyLevel,BarMovement,RSI,EEE,MACrossover,MACD,Ensemble,SqueezePro,PSAR,Supertrend,UCB,KNN,LstmMixture,AlegAATr,BeepBoop,RandomForest,CNN,MACDStochastic,KeltnerChannels,BollingerBands,MLP,Lstm,Choc
0,9939.945659999985,10376.573429999926,10000.0,8840.099879999962,10000.0,8756.527769999966,10528.466919999966,9892.121999999988,10000.0,8531.077039999996,9468.033449999999,10181.815579999999,10192.21824000001,8043.156030000929,10000.0,10000.0,11098.889519999953,7233.6420599999965,9130.29221285711,9797.023320000037,10259.17132999997,9355.979180000013,9409.266200000031,10681.293600000046,9937.851170000053
