,Supertrend,Choc,EEE,BarMovement,RSI,UCB,SqueezePro,EXP3,MACrossover,KeltnerChannels,AlegAATr,Stochastic,MACD,BollingerBands,MACDStochastic,BeepBoop,Ensemble,MACDKeyLevel,PSAR
0,8845.81012,10000.0,8420.214410000035,10129.551260000002,10000.0,9419.855919999998,10778.83776,7956.204360000016,9596.16208,10793.376960000003,9422.54696,8391.183059999968,9850.696860000007,9803.161809999989,9719.804340000008,7794.360339999999,8351.145486666699,8590.22248,8609.8330200002
