,CNN,MACDStochastic,BollingerBands,KNN,Choc,Lstm,UCB,RSI,SqueezePro,RandomForest,MLP,MACrossover,Supertrend,EEE,KeltnerChannels,MACD,Ensemble,PSAR,EXP3,BeepBoop,AlegAATr,MACDKeyLevel,BarMovement,Stochastic,LstmMixture
0,9396.153459999994,10804.130439999999,8806.675310000308,7973.579050000032,10250.605880000006,10000.0,11057.43032714289,9828.66838000001,10246.507550000006,10000.0,8522.782580000006,10600.885520000009,7170.677170000222,9659.061290000063,9060.744615714262,8672.293479999966,8865.241759999972,9698.59811,9663.459019999998,4678.830200000125,11034.172547142893,10535.314229999998,8948.999310000383,10964.796999999997,9268.788900000003
