,BeepBoop,MACDStochastic,RSI,PSAR,BollingerBands,BarMovement,AlegAATr,MACrossover,Supertrend,EEE,KeltnerChannels,Choc,SqueezePro,MACD,Stochastic
0,8158.27754000005,9864.000000000005,9156.240617857131,5924.632420000006,9541.54319999995,10731.496520000144,9148.591930119004,7922.00101999999,6409.468940000002,8049.873642857161,8845.336289999997,9209.391439999996,10296.800000000003,10590.916419999992,8273.119340000007
