,BollingerBands,MACDKeyLevel,MACDStochastic,UCB,RandomForest,AlegAATr,BarMovement,MACD,Supertrend,KNN,BeepBoop,KeltnerChannels,Choc,RSI,SqueezePro,LstmMixture,CNN,PSAR,Stochastic,Lstm,Ensemble,EEE,MLP,MACrossover,EXP3
0,9369.036887142873,9726.058748571442,10257.022640000023,10910.500825714305,7422.700070000019,10000.0,10565.694360000001,9265.407690000071,10000.0,776.7369700006026,9290.576689999984,10000.0,9251.60468,9586.442760000004,9948.290450000024,10000.0,10000.0,8857.712379999994,10279.90016000001,8172.671559999991,10030.205702500014,9129.127359999982,7421.474500000016,7461.972900000263,8641.31648000002
