,MACDStochastic,Supertrend,LstmMixture,AlegAATr,PSAR,Lstm,MACDKeyLevel,BeepBoop,Ensemble,RSI,SqueezePro,KeltnerChannels,KNN,BollingerBands,Stochastic,Choc,MACrossover,EXP3,MLP,UCB,RandomForest,CNN,EEE,MACD,BarMovement
0,13116.507340000002,12081.535679999964,5976.733079999961,11056.452440000015,11923.508120000006,8434.525640000415,10232.911559999999,8579.454910000075,7262.438989999966,10167.789039999994,10000.0,8774.814159999976,4987.959460000141,8478.659470000015,9182.332980000685,10355.892600000001,9888.673170000004,11840.10190999996,10000.0,11056.452440000015,5600.060530000826,10000.0,12404.424739999991,11600.877399999987,11378.16746000003
