,AlegAATr,UCB,Stochastic,MACDStochastic,RandomForest,BollingerBands,EEE,Lstm,MLP,LstmMixture,CNN,RSI,PSAR,MACD,SqueezePro,MACrossover,MACDKeyLevel,KeltnerChannels,BeepBoop,Ensemble,Choc,BarMovement,EXP3,Supertrend,KNN
0,11200.77954357145,11177.49675357145,10608.468500000025,10536.799999999996,10266.89416,10179.932,10165.563092857146,10000.0,10000.0,10000.0,10000.0,10000.0,9996.852479999989,9984.486130000116,9961.14212,9800.000000000004,9788.72713000001,9782.258499999985,9771.23035,9554.571610000059,9354.338499999993,9318.917906428589,9171.700995714284,9022.918550000099,4251.786280000007
