,Supertrend,Choc,EEE,BarMovement,RSI,UCB,SqueezePro,EXP3,KNN,MACrossover,KeltnerChannels,CNN,RandomForest,LstmMixture,MLP,AlegAATr,Stochastic,MACD,Lstm,BollingerBands,MACDStochastic,BeepBoop,Ensemble,MACDKeyLevel,PSAR
0,8840.776119999999,10000.0,9146.201599999997,10146.31587,10000.0,9422.56972,10780.873800000001,8861.860940000002,10000.0,9596.16208,10767.931780000006,9935.099839999999,9205.0338100006,10000.0,7352.2471600001245,10000.0,8395.929539999968,9849.943990000005,7660.659120000087,9794.66437999999,9720.96020000001,7803.697399999999,8361.902083333362,8563.724080000002,8607.145320000205
