,KeltnerChannels,MACrossover,CNN,BarMovement,RSI,Supertrend,Choc,EEE,UCB,EXP3,SqueezePro,KNN,AlegAATr,MACD,Stochastic,BeepBoop,Ensemble,BollingerBands,MACDStochastic,Lstm,PSAR,MACDKeyLevel,MLP,LstmMixture,RandomForest
0,10642.21994,9411.922,8300.494040000283,9814.460610000304,9203.2217,10045.915090000093,10000.0,9459.96521999999,9914.546800000015,9675.515700000062,9349.762160000004,6960.729420000044,9537.455800000003,9751.975939999998,9537.622420000003,11159.068060000021,9709.50391,7996.644760000041,10391.99608,8723.687900000006,10128.088379999997,9468.986879999997,9059.08143999999,10000.0,10000.0
