,MACDKeyLevel,PSAR,BeepBoop,MACDStochastic,BollingerBands,MACD,Stochastic,AlegAATr,EXP3,SqueezePro,UCB,BarMovement,Choc,Supertrend,EEE,MACrossover,KeltnerChannels
0,9808.738950000003,6365.932620000094,8738.643760000032,8643.720959999991,8034.643819999999,7234.075780000038,11385.242420000004,10349.038240000009,10550.97517999997,8989.266899999991,10092.63503000002,11930.309639999958,10521.424570000052,9133.791059999976,11944.383189999999,9190.954540000093,9438.03056000002
