,RSI,BarMovement,Supertrend,Choc,UCB,EXP3,SqueezePro,KeltnerChannels,MACrossover,AlegAATr,MACD,Stochastic,BeepBoop,MACDStochastic,BollingerBands,PSAR,MACDKeyLevel
0,10000.0,8945.924539999973,12868.73159999997,10508.022515714265,9783.840501428556,8937.17750000015,9186.036399999999,4697.55875999998,8787.061279999998,7208.319680000017,11355.038659999993,12392.094740000026,9494.662540000532,9035.567720000021,10410.915280000003,8132.632939999997,10331.663709999993
