,MACrossover,KeltnerChannels,BarMovement,Supertrend,Choc,SqueezePro,AlegAATr,MACD,Stochastic,BeepBoop,MACDStochastic,BollingerBands,MACDKeyLevel,PSAR
0,11067.25999999999,9796.664009999993,10005.816920000116,7930.048679999998,10296.53050000002,9186.32364000001,10616.046480000217,9916.29296,13348.002359999944,9969.967849999974,10926.60398000001,8633.227559999988,8561.469260000027,4533.4533199999605
