,MACDStochastic,RSI,PSAR,BeepBoop,AlegAATr,MACrossover,Supertrend,BollingerBands,BarMovement,MACDKeyLevel,MACD,Stochastic,EXP3,KeltnerChannels,Choc,UCB,SqueezePro
0,10158.816439999991,9972.824339999992,8206.292150000516,10131.59051571424,4999.875773333437,10327.451890000171,11284.630250000737,8461.242480000034,6149.35352000008,10912.945350000045,12125.978189999973,11364.97514000003,11101.956518571986,8056.099990000407,9184.27606,9510.425950000108,10149.527750000047
