,RSI,BarMovement,Supertrend,Choc,EEE,UCB,EXP3,SqueezePro,KeltnerChannels,MACrossover,AlegAATr,MACD,Stochastic,BeepBoop,Ensemble,MACDStochastic,BollingerBands,PSAR,MACDKeyLevel
0,10000.0,8992.08141999997,12891.075759999983,10514.836327142833,9684.97430999999,9789.7958942857,7156.18555,9193.56832,4713.4455599999865,8789.216199999999,9443.83146000006,11364.646839999998,12417.574940000022,9514.816490000543,9420.936496785736,9047.741880000023,10428.286980000004,8127.365719999995,10334.012850000001
