,MACDKeyLevel,EEE,EXP3,Stochastic,MACD,UCB,SqueezePro,Ensemble,Choc,KeltnerChannels,PSAR,RSI,MACDStochastic,BeepBoop,Supertrend,MACrossover,AlegAATr,BarMovement,BollingerBands
0,9224.85913000042,11706.348420000048,9029.097360000029,7134.746120000007,7081.087139999981,11029.636170000022,7827.7370999999675,10332.181472857197,9614.033800000065,8646.837030000379,9869.58309000001,10198.350489999997,8845.365999999924,8514.606440000014,5155.149719999982,9904.036940000002,10736.774400000015,8327.297260000012,10000.0
