,BeepBoop,MACDStochastic,RSI,PSAR,BollingerBands,BarMovement,AlegAATr,MACrossover,Supertrend,EEE,MACDKeyLevel,KeltnerChannels,Ensemble,Choc,UCB,SqueezePro,MACD,Stochastic,EXP3
0,8149.649550000045,9864.000000000005,9161.403461428563,5923.09957,9540.902299999943,10727.110110000142,10088.444609999986,7909.442139999987,6413.397379999999,8400.659850000038,10000.0,8851.263579999997,10878.472939999994,9207.885319999994,10000.0,10296.000000000002,10590.917699999993,8279.732030000006,10000.0
