,EEE,MACDKeyLevel,Ensemble,Choc,UCB,SqueezePro,KeltnerChannels,MACD,EXP3,Stochastic,BeepBoop,RSI,PSAR,MACDStochastic,BollingerBands,BarMovement,Supertrend,AlegAATr,MACrossover
0,5475.584720000063,8826.28453500002,6853.9263057143435,8518.976560000003,6489.825635000101,9853.143939999987,8146.501900000009,7628.0763000000015,5950.257400000059,6326.944790001277,6381.152309999965,10000.0,4793.8442200014215,5910.393559999962,7054.178419999977,6478.788059999992,9377.329760000013,8296.096650000043,10060.85242
