,SqueezePro,RandomForest,Ensemble,BarMovement,RSI,MACDStochastic,MACDKeyLevel,UCB,AlegAATr,Supertrend,CNN,KeltnerChannels,BollingerBands,MACD,LstmMixture,Stochastic,MLP,Lstm,EEE,PSAR,Choc,MACrossover,BeepBoop,EXP3,KNN
0,11196.47066000003,11031.478949999997,10805.971069999956,10630.919239999997,10399.168200000015,10199.273600000013,10039.539380000002,10009.78492285716,10000.0,10000.0,10000.0,10000.0,9991.423104285614,9933.711120000004,9884.791159999993,9793.577600000015,9778.066040000029,9008.530000000008,8817.84187857147,8666.668940000018,8434.326739999966,8031.82772000017,7928.241429999989,7203.032790000032,427.00729000032896
