,BeepBoop,Ensemble,Supertrend,Choc,MACD,SqueezePro,Lstm,MACDKeyLevel,RandomForest,LstmMixture,PSAR,RSI,Stochastic,MLP,UCB,AlegAATr,EEE,BarMovement,CNN,EXP3,KeltnerChannels,MACDStochastic,MACrossover,BollingerBands,KNN
0,12351.113070000298,11840.92296000001,11797.485799999977,10760.5328,10306.583480000001,10090.99909000002,10050.820179999995,10003.042390000008,10000.0,10000.0,10000.0,10000.0,9996.28363,9958.796129999993,9859.000514285723,9853.202288571434,9797.52108,9795.328039999999,9779.38917,9765.375790000018,9643.995280000021,9600.411350000004,8662.079800000054,7412.347740000003,1576.7839900003132
