,MACD,Stochastic,AlegAATr,MACDKeyLevel,PSAR,BeepBoop,Ensemble,MACDStochastic,BollingerBands,MACrossover,KeltnerChannels,UCB,RSI,BarMovement,Supertrend,Choc,EEE,EXP3,SqueezePro
0,10401.002140000042,10707.114260000004,10000.0,9721.880060000001,8261.416660000008,7783.936220000396,9665.459250000004,10178.426419999998,8131.080219999996,10000.0,8209.074680000367,9304.756840000018,9749.549490000021,9151.45210000006,9062.120760000038,9201.119400000005,8864.799220000095,7192.992640000047,9411.922
