,EEE,CNN,MACDKeyLevel,KNN,Ensemble,Choc,UCB,Lstm,SqueezePro,KeltnerChannels,MACD,EXP3,RandomForest,Stochastic,BeepBoop,MLP,RSI,PSAR,MACDStochastic,BollingerBands,BarMovement,LstmMixture,Supertrend,AlegAATr,MACrossover
0,5475.584720000063,10000.0,8826.28453500002,9683.486780000007,6853.9263057143435,8518.976560000003,6489.825635000101,8689.019389999994,9853.143939999987,8146.501900000009,7628.0763000000015,5950.257400000059,8235.986319999998,6326.944790001277,6381.152309999965,9372.147285000015,10000.0,4793.8442200014215,5910.393559999962,7054.178419999977,6478.788059999992,9220.967600000014,9377.329760000013,8296.096650000043,10060.85242
