,Stochastic,MACD,AlegAATr,MACDKeyLevel,PSAR,BollingerBands,MACDStochastic,BeepBoop,UCB,Supertrend,Choc,BarMovement,RSI,SqueezePro,EXP3,MACrossover,KeltnerChannels
0,10000.0,8194.355259999984,9360.218240000067,9197.333930000083,8121.409659999994,8266.553740000221,8463.946427142893,9821.762552857144,9964.963248571445,7485.35330000057,10773.064220000057,10769.608450714304,7871.384560000002,9750.712920000002,10000.0,11121.305460000021,11181.464859999996
