,BeepBoop,MACDStochastic,RSI,PSAR,BollingerBands,BarMovement,AlegAATr,MACrossover,Supertrend,EEE,MACDKeyLevel,KeltnerChannels,Ensemble,Choc,UCB,SqueezePro,MACD,Stochastic,EXP3
0,8162.442660000049,9865.600000000006,9147.756640714273,5921.587859999998,9547.751959999941,10727.184330000147,10209.29342,7918.713099999991,6416.828540000012,10421.973290000067,10000.0,8851.197549999995,10881.603829999996,9208.639059999996,10000.0,10295.200000000003,10591.779479999994,8275.037630000006,10000.0
