,KeltnerChannels,RSI,MACD,Choc,Lstm,UCB,PSAR,Ensemble,SqueezePro,BollingerBands,MACDKeyLevel,Supertrend,MACDStochastic,BarMovement,KNN,Stochastic,MLP,MACrossover,RandomForest,EEE,EXP3,LstmMixture,BeepBoop,AlegAATr,CNN
0,11083.829869999996,9304.819240000008,9645.139420000205,10011.877799999982,10000.0,9247.289780000028,10000.0,10538.46374428575,9554.71586,11881.180709999884,9853.742040000005,8827.313239999998,9682.295259999994,8353.073940000007,10000.0,11173.19056000084,8276.239800000005,8941.077580000103,10000.0,8493.666020000033,9783.671330000057,10361.868321428621,7512.8201900003805,9737.705590000038,10000.0
