,MACDKeyLevel,PSAR,BeepBoop,BollingerBands,MACDStochastic,MACD,Stochastic,AlegAATr,MACrossover,KeltnerChannels,SqueezePro,UCB,BarMovement,Choc,Supertrend
0,9280.46191999998,10496.145319999994,11269.452880000023,8256.112560000001,9160.139699999998,12066.909119999993,9139.630430000014,10110.492300000009,9947.0008,10000.0,10000.0,9524.87761,10264.033840000016,10330.547899999985,8101.072160000022
