,PSAR,KeltnerChannels,MACD,MACDStochastic,CNN,UCB,MACDKeyLevel,Lstm,LstmMixture,BeepBoop,BollingerBands,Ensemble,EXP3,SqueezePro,MACrossover,Supertrend,RSI,Stochastic,Choc,KNN,AlegAATr,EEE,MLP,RandomForest,BarMovement
0,10000.0,7609.621779999996,15193.621309999942,9105.841740000053,8957.428077142742,9670.41648,9547.726660000006,7539.378560000434,10000.0,10020.951714285704,9489.531900000078,8134.363422857152,7464.039794285711,9937.115730000021,9425.18364000004,10157.447690000236,10000.0,9020.543770000006,9650.047700000065,6911.852019999966,9638.0181,9592.98369,10000.0,9053.347640000007,9492.125679999997
