,MACDKeyLevel,EEE,EXP3,Stochastic,MACD,UCB,SqueezePro,Ensemble,Choc,KeltnerChannels,PSAR,RSI,MACDStochastic,BeepBoop,Supertrend,MACrossover,AlegAATr,BarMovement,BollingerBands
0,9219.195100000416,10539.34396000007,11748.130700000002,7122.580270000012,7096.251139999978,11035.430670000025,7822.460759999962,10340.014503571483,9610.282090000064,8648.827110000382,9874.04131000002,10197.514449999997,8845.370699999927,8544.321040000012,5131.259979999983,9903.211200000003,9944.891400000008,8340.776740000008,10000.0
