,PSAR,MACDKeyLevel,BeepBoop,Ensemble,BollingerBands,MACDStochastic,MACD,Stochastic,AlegAATr,EXP3,SqueezePro,UCB,BarMovement,RSI,Choc,Supertrend,EEE,KeltnerChannels,MACrossover
0,11906.94311000001,10237.012300000006,8579.35025000008,7275.552599999967,8476.91475000001,13113.827180000006,11599.480979999984,9179.850550000687,10000.0,7640.510790000034,10000.0,11055.740060000013,11378.481960000025,10165.100179999996,10350.8106,12065.412659999964,11740.339200000073,8776.511679999972,9889.488320000006
