,PSAR,MACDKeyLevel,MACDStochastic,BollingerBands,BeepBoop,Stochastic,MACD,AlegAATr,KeltnerChannels,MACrossover,SqueezePro,EXP3,UCB,Choc,Supertrend,RSI,BarMovement
0,5614.370800000063,9831.608419999997,9566.59292,10633.248520000005,11157.034020000016,7152.36750000002,9919.120709999992,7745.808629999993,7890.214560000006,10472.227159999991,10291.6826,9779.93507857144,9883.709300000002,10633.060030000006,7596.907670000227,9983.76212,10052.828628571413
