,BarMovement,BollingerBands,MACrossover,AlegAATr,Supertrend,BeepBoop,MACDStochastic,PSAR,RSI,KeltnerChannels,UCB,SqueezePro,Ensemble,Choc,EXP3,Stochastic,MACD,EEE,MACDKeyLevel
0,8249.23715142857,7853.928950000425,7487.457599999966,10259.879330238127,10009.30705000097,3663.8569300009967,8956.415380000177,3372.2092800000037,10000.0,9238.804159999994,10337.514605714308,10163.325699999978,7957.513339999989,8828.875319999985,6997.844075714756,2641.094600000018,11019.098230000092,8359.742010000113,10503.85621
