,Lstm,KeltnerChannels,Choc,PSAR,EXP3,SqueezePro,MACDKeyLevel,MACDStochastic,MACD,BeepBoop,EEE,BollingerBands,KNN,RSI,AlegAATr,UCB,BarMovement,LstmMixture,CNN,RandomForest,Supertrend,Ensemble,Stochastic,MACrossover,MLP
0,9130.830919999991,10000.0,10332.590499999986,10501.873539999997,14286.10388000002,10000.0,9273.929239999981,9156.388019999997,12063.240519999998,11290.528260000026,9643.891329999975,8271.328699999998,9571.380720000036,10000.0,9527.60528,9527.99062,10275.226980000018,10000.0,7778.613960000021,11083.754319999842,8082.505200000028,8794.609634285913,9123.171230000013,9944.964819999997,10187.709759999983
