,RandomForest,LstmMixture,MLP,Stochastic,MACD,AlegAATr,MACDKeyLevel,PSAR,Lstm,BollingerBands,MACDStochastic,BeepBoop,Ensemble,UCB,Supertrend,Choc,EEE,BarMovement,RSI,KNN,SqueezePro,EXP3,MACrossover,KeltnerChannels,CNN
0,10000.0,9876.124150000001,10000.0,10000.0,8202.485139999986,7293.728115952414,9199.002700000083,8108.741939999997,9415.457873571462,8268.581500000219,8462.437777142897,9824.178592857144,8141.4670400000405,10364.475957142873,7466.458800000561,10777.274500000054,10160.621324999998,10770.975355000026,7868.35096,8844.93292000073,9750.712920000002,9894.718850000007,11110.760520000013,11177.087639999994,8666.15178
