,Stochastic,MACD,AlegAATr,MACDKeyLevel,PSAR,BollingerBands,MACDStochastic,BeepBoop,Ensemble,UCB,Supertrend,Choc,EEE,BarMovement,RSI,SqueezePro,EXP3,MACrossover,KeltnerChannels
0,9996.28363,10306.583480000001,9853.202288571434,10003.042390000008,10000.0,7412.347740000003,9600.411350000004,12351.113070000298,11840.92296000001,9859.000514285723,11797.485799999977,10760.5328,9797.52108,9795.328039999999,10000.0,10090.99909000002,9765.375790000018,8662.079800000054,9643.995280000021
