,AlegAATr,Lstm,RandomForest,Choc,MACDStochastic,BarMovement,Supertrend,CNN,MACrossover,SqueezePro,PSAR,Stochastic,MACDKeyLevel,Ensemble,KNN,RSI,KeltnerChannels,BollingerBands,EEE,UCB,MLP,MACD,EXP3,LstmMixture,BeepBoop
0,9893.170620000003,10248.246949999988,9640.133321428568,10628.93157000001,9571.39238,10052.828628571413,7598.208480000225,9794.01853,10477.813119999992,10276.92578,5623.834880000059,7173.160400000026,9831.608419999997,6482.146860000057,10543.257311428595,9985.8021,7884.9349800000045,10616.644300000009,10048.997130000007,9896.052300000003,9565.556630000843,9918.727129999994,9814.455554285712,10308.571760000086,11139.886980000003
