,MLP,Ensemble,BarMovement,EXP3,BeepBoop,AlegAATr,LstmMixture,RSI,Choc,KeltnerChannels,Supertrend,RandomForest,UCB,MACrossover,MACD,MACDKeyLevel,Stochastic,EEE,MACDStochastic,PSAR,SqueezePro,Lstm,BollingerBands,KNN,CNN
0,9958.796129999993,11840.92296000001,9795.328039999999,9765.375790000018,12351.113070000298,9853.202288571434,10000.0,10000.0,10760.5328,9643.995280000021,11797.485799999977,10000.0,9859.000514285723,8662.079800000054,10306.583480000001,10003.042390000008,9996.28363,9797.52108,9600.411350000004,10000.0,10090.99909000002,10050.820179999995,7412.347740000003,1576.7839900003132,9779.38917
