,AlegAATr,MACD,Stochastic,BeepBoop,BollingerBands,MACDStochastic,PSAR,MACDKeyLevel,BarMovement,Choc,Supertrend,SqueezePro,KeltnerChannels,MACrossover
0,9495.703438571441,9312.324070000002,9600.6025,6439.5604600000015,7412.153920000019,9789.719790000043,9634.109999999988,8113.313499999996,10000.0,8913.261639999999,9850.235140000059,9146.532970000013,10000.0,11104.954180000033
