,EEE,MACDKeyLevel,Ensemble,Choc,UCB,SqueezePro,KeltnerChannels,MACD,Stochastic,EXP3,BeepBoop,RSI,PSAR,MACDStochastic,BollingerBands,BarMovement,Supertrend,AlegAATr,MACrossover
0,14609.12137000005,8825.70215000001,11528.116980000046,7416.876919999998,9812.699280000006,10000.0,8779.720399999997,10000.0,9172.56098,10000.0,12122.219440000048,10000.0,6679.718440000012,10000.0,11546.841920000017,10111.90143,9308.860100000009,10042.76996,10170.288770000021
