,UCB,KeltnerChannels,MACDStochastic,SqueezePro,RandomForest,Supertrend,Ensemble,Choc,BeepBoop,MLP,PSAR,BollingerBands,EEE,CNN,MACD,MACDKeyLevel,LstmMixture,KNN,RSI,MACrossover,Lstm,BarMovement,Stochastic,AlegAATr,EXP3
0,8491.429590000003,10256.04468,9282.359299999998,9938.09514285712,9511.710540000026,8685.162670000249,10299.829380000061,9740.71023,9747.564190000026,10000.0,6314.445130000798,11445.29892000005,8299.754282857166,8751.592920000008,10000.0,8690.65424,10000.0,9719.60060214286,7551.863119999999,10040.103910000082,9893.103897142864,9058.976100000009,9705.792999999983,8699.201837142851,9270.078990000053
