,LstmMixture,RSI,Choc,RandomForest,Stochastic,AlegAATr,EXP3,UCB,CNN,Lstm,MACD,MACrossover,MACDStochastic,MACDKeyLevel,EEE,BeepBoop,BarMovement,PSAR,SqueezePro,MLP,KeltnerChannels,Supertrend,Ensemble,KNN,BollingerBands
0,9588.19799,10000.0,9167.864399999999,10000.0,8316.652039999999,8811.830090000003,9458.214810000032,8793.104110000004,10000.0,10000.0,10131.488279999998,10239.817320000016,10000.0,7420.062440000003,9642.050120000013,8095.099379999997,9665.310580000036,10000.0,9233.433200000027,9538.78390285715,9193.290520000002,9754.777830000032,9657.004489999992,9970.674880000246,9977.171699999995
