,UCB,Choc,Supertrend,EEE,RSI,BarMovement,SqueezePro,EXP3,MACrossover,KeltnerChannels,Stochastic,MACD,AlegAATr,MACDKeyLevel,PSAR,MACDStochastic,BollingerBands,BeepBoop,Ensemble
0,10188.6329,10237.90732,9254.96088,6851.429690000007,10000.0,10335.004520000002,8425.20263999999,7406.772460000002,7053.739159999987,5947.60542000004,8196.44161999997,10654.665879999991,10189.9372,10085.682020000007,9518.484,10052.630920000029,8965.518160000005,6871.409439999997,10242.023900000004
