,SqueezePro,EXP3,UCB,Supertrend,Choc,EEE,BarMovement,KeltnerChannels,MACDKeyLevel,PSAR,MACDStochastic,BeepBoop,Stochastic,MACD,AlegAATr
0,9769.110760000012,7763.691560000444,10855.403631428575,6972.686930000483,9204.919190000115,12238.686420000071,10970.579040000068,9086.820166428557,9965.44754000005,4986.697550000849,9877.55461285715,7568.160440000147,10960.590260000008,7054.300380000113,7132.52249000041
