,AlegAATr,MACD,Stochastic,BeepBoop,BollingerBands,MACDStochastic,PSAR,MACDKeyLevel,BarMovement,RSI,Choc,Supertrend,EEE,UCB,EXP3,SqueezePro,KeltnerChannels,MACrossover
0,10527.344467142868,9585.52552,2406.2490200000157,9054.526380000005,8989.12242000012,9472.986566428566,7374.814899999999,10474.732740000009,8634.062738571407,10000.0,9926.160920000002,5899.216360000032,9591.310010000005,10520.117227142868,7511.870780714276,9844.365272857147,10118.077285714318,10000.0
