,BollingerBands,MACDStochastic,Lstm,BeepBoop,Ensemble,PSAR,MACDKeyLevel,AlegAATr,Stochastic,MACD,LstmMixture,RandomForest,MLP,CNN,KeltnerChannels,MACrossover,SqueezePro,EXP3,KNN,Supertrend,Choc,EEE,BarMovement,RSI,UCB
0,9395.417880000066,9923.875304999998,10000.0,10376.94490000002,9876.867820000003,6818.457009999987,8914.708519999993,8130.838240000014,8803.997420000005,8889.24560000001,10000.0,9520.571560000008,6648.287080000003,4077.9541399999534,8743.96278000005,9568.900419999998,10196.6577,8662.933459999998,8575.50673428573,8202.337359999998,9607.178879999981,6949.381970000086,4028.807059999993,10000.0,10397.861237142859
