,BollingerBands,MACDStochastic,BeepBoop,Ensemble,PSAR,MACDKeyLevel,AlegAATr,Stochastic,MACD,KeltnerChannels,MACrossover,SqueezePro,EXP3,Supertrend,Choc,EEE,BarMovement,RSI,UCB
0,9393.45080000006,9925.125285714279,10376.901010000021,9874.515740000003,6825.733069999993,8919.90593999999,10414.152303571429,8803.865700000008,8885.78116000001,8760.067880000051,9568.900419999998,10196.6577,8974.573290000013,8240.889299999997,9609.066879999982,9406.227600000018,4019.681539999991,10000.0,10400.391680714289
