,KeltnerChannels,MACrossover,EXP3,SqueezePro,UCB,BarMovement,RSI,Supertrend,Choc,EEE,PSAR,MACDKeyLevel,BeepBoop,Ensemble,BollingerBands,MACDStochastic,MACD,Stochastic,AlegAATr
0,10000.0,7952.418579999991,10000.0,9408.400080714324,8753.057600000026,10168.15239999991,10000.0,5097.063420000001,9524.403749999994,11537.44229999998,10789.294180000072,11018.836780000007,9731.284,11302.255423571445,9977.269120000019,11959.818720000058,9018.172740000038,9133.781040000042,9006.299180000022
