,MACDStochastic,KeltnerChannels,UCB,MLP,KNN,Lstm,SqueezePro,BollingerBands,Ensemble,PSAR,Supertrend,MACD,EXP3,AlegAATr,BarMovement,LstmMixture,EEE,BeepBoop,MACrossover,MACDKeyLevel,RSI,CNN,Stochastic,Choc,RandomForest
0,10671.155880000113,7271.480500000022,9400.731762857198,11056.223158571422,10000.0,9965.789939999986,10547.847540000183,8533.728459999991,9651.314997142812,14208.596640000027,12644.423799999991,10902.882128571495,9698.807772857122,10000.0,11113.555199999992,10000.0,10498.708382857107,9727.186314285711,8653.320160000016,11149.245590000482,10000.0,9903.492400000072,7034.991799999999,9266.131799999983,10000.0
