,MACDKeyLevel,UCB,SqueezePro,Choc,KeltnerChannels,Stochastic,MACD,BeepBoop,PSAR,MACDStochastic,BarMovement,BollingerBands,Supertrend,MACrossover,AlegAATr
0,11151.290930000485,9366.85361428577,10549.79764000019,9267.140319999984,7272.224620000025,7038.533439999998,10904.657474285785,9739.102407142856,14206.264580000032,10663.910400000108,11113.555199999992,8498.162379999985,12661.249199999991,8648.74820000001,7268.628165714338
