,BeepBoop,MACDStochastic,BollingerBands,MACDKeyLevel,PSAR,AlegAATr,Stochastic,MACrossover,KeltnerChannels,SqueezePro,RSI,BarMovement,Supertrend,Choc
0,9739.806730000028,9321.375400000003,11436.76136000005,8687.606160000001,6317.508750000797,8797.819210000014,9714.763259999994,10041.198760000081,10259.331699999999,9936.415702857124,7539.086699999996,9054.96876,8686.580180000252,9742.62087
