,BollingerBands,MACDStochastic,BeepBoop,PSAR,MACDKeyLevel,AlegAATr,Stochastic,MACD,KeltnerChannels,MACrossover,SqueezePro,Supertrend,Choc,BarMovement
0,9397.046740000065,9908.191032857134,10382.07725000002,6820.484449999996,8915.53891999999,6432.277020000094,8799.730600000004,8892.43090000001,8771.514300000053,9561.135310000001,10197.134399999999,8245.166819999999,9613.77785999998,4012.9755799999934
