,MACrossover,KeltnerChannels,EXP3,SqueezePro,UCB,RSI,BarMovement,Supertrend,Choc,EEE,MACDKeyLevel,PSAR,BeepBoop,Ensemble,MACDStochastic,BollingerBands,MACD,Stochastic,AlegAATr
0,8630.7317,9664.084786428582,9052.3691771429,10243.300289999994,9901.438550000003,10000.0,10756.246397142844,11410.188660000007,9778.220000000005,10702.615824285698,9490.00876000001,6932.63513000014,6202.60042000022,9139.070720000123,10014.077620000005,10000.0,9771.703599999999,10000.0,9907.137250000002
