,MACDStochastic,BollingerBands,BeepBoop,PSAR,MACDKeyLevel,AlegAATr,Stochastic,MACD,SqueezePro,Supertrend,Choc,BarMovement,UCB,KeltnerChannels,MACrossover
0,10480.33472,4071.333080000169,8444.499980000004,5248.000180000229,11769.84041,3157.60136000035,9919.790120000005,8371.99678000001,8314.050800000005,8226.33774000009,9719.15906,4715.745280000113,8316.124110000006,9942.143100000008,8335.669780000011
