,AlegAATr,Stochastic,MACD,BollingerBands,MACDStochastic,BeepBoop,Ensemble,PSAR,MACDKeyLevel,Choc,Supertrend,EEE,BarMovement,RSI,UCB,SqueezePro,EXP3,KeltnerChannels,MACrossover
0,9330.643780000002,12110.451260000034,12077.635900000138,11701.222350000806,9925.106100000012,10000.0,12462.300439999988,10091.24436000002,9838.063639999998,8703.63398000002,10098.836220000001,13599.94557000004,8135.4424999999965,10000.0,9079.600360000008,10395.957930000026,11300.381330000011,6846.7401,9200.715999999991
