,MACDStochastic,PSAR,RSI,BeepBoop,MACrossover,AlegAATr,Supertrend,BarMovement,BollingerBands,MACDKeyLevel,EEE,EXP3,Stochastic,MACD,KeltnerChannels,UCB,SqueezePro,Ensemble,Choc
0,9763.235041428596,8070.896780000001,10000.0,8657.97623,10620.126685000025,10000.0,9504.966400000007,8737.145720000031,8755.807180000014,9720.182320000009,7495.359730000009,10548.576350000008,9372.576679999996,7499.562280000001,8521.858860000466,10608.438879999992,9084.704510000007,8481.559872857253,11006.318639999978
