,BeepBoop,EEE,UCB,MACrossover,CNN,BarMovement,Stochastic,MLP,MACDStochastic,EXP3,MACD,Lstm,RandomForest,KeltnerChannels,PSAR,LstmMixture,Choc,BollingerBands,KNN,Ensemble,AlegAATr,RSI,Supertrend,MACDKeyLevel,SqueezePro
0,8585.485320000029,12149.172926000003,10714.218120000023,12875.982980000006,12202.903320000001,12530.301079999997,10840.915160000011,9222.27,4893.79842000007,10000.0,10000.0,9222.27,9713.366,4412.445660000006,10000.0,10000.0,10000.0,8997.533920000003,10000.0,6447.611160000013,10000.0,10000.0,12315.887174000021,9820.433235714285,9192.042440000001
