,AlegAATr,MACrossover,Supertrend,BollingerBands,BarMovement,MACDStochastic,PSAR,BeepBoop,MACD,Stochastic,EXP3,KeltnerChannels,Choc,UCB,SqueezePro,MACDKeyLevel,EEE
0,9810.29877000014,6356.037739999999,12368.171720000093,11000.96362000004,9546.41364571428,9845.731760000019,10701.735879999993,9348.231120000002,8251.483640000015,8514.954650000434,9275.453896428584,8987.795780000004,8764.852699999972,8628.31554999999,9158.525480000002,9874.767119999997,11021.138115714275
