,MACrossover,KeltnerChannels,EXP3,SqueezePro,UCB,BarMovement,Supertrend,Choc,MACDKeyLevel,PSAR,BeepBoop,MACDStochastic,BollingerBands,MACD,Stochastic,AlegAATr
0,8650.183659999984,9759.02468,8370.02193000007,10000.0,10113.756860000023,12135.729820000053,9841.67204,10760.938740000003,8016.170460000064,9166.907080000034,8196.978140000107,10219.811307142862,10117.954200000038,8995.436480000062,10436.540790000014,9254.075850000136
