,SqueezePro,EXP3,UCB,Supertrend,Choc,EEE,BarMovement,RSI,MACrossover,KeltnerChannels,MACDKeyLevel,PSAR,BollingerBands,MACDStochastic,BeepBoop,Stochastic,MACD,AlegAATr
0,10652.698001428602,11268.290335000023,9715.438529285737,3603.2009800000237,10441.15434000004,8464.551322857134,8539.117787857167,9734.235270000005,9197.36238,9685.983398571434,9981.858544999994,7658.8671199999935,6343.654520000279,9928.089681428584,9623.082560000004,3522.8019000000113,8858.388719999999,9710.496787142878
