,BollingerBands,MACDStochastic,BeepBoop,PSAR,MACDKeyLevel,AlegAATr,Stochastic,MACD,KeltnerChannels,MACrossover,SqueezePro,EXP3,Supertrend,Choc,EEE,BarMovement,UCB
0,9397.046740000065,9908.191032857134,10382.07725000002,6820.484449999996,8915.53891999999,10407.957495714287,8799.730600000004,8892.43090000001,8771.514300000053,9561.135310000001,10197.134399999999,8378.317160000008,8245.166819999999,9613.77785999998,10008.022650000015,4012.9755799999934,10409.23464357143
