,LstmMixture,Lstm,Stochastic,MACD,RandomForest,MACrossover,Choc,MACDStochastic,BeepBoop,RSI,PSAR,KNN,Ensemble,BollingerBands,BarMovement,EEE,MLP,UCB,CNN,AlegAATr,MACDKeyLevel,KeltnerChannels,Supertrend,EXP3,SqueezePro
0,10303.083777142867,1116.8345600005146,9863.129080000004,8359.634780000011,6285.770099999999,8325.83960000001,9712.93396,10480.33472,8409.662780000004,10000.0,5242.963070000236,10000.0,6628.583740000001,4068.787540000172,4732.655200000113,7760.6052199999895,9912.295605714291,8316.124110000006,10000.0,10000.0,11772.665430000003,9946.572610000007,8234.989900000088,10000.0,8314.028540000003
