,RSI,AlegAATr,Stochastic,MACDStochastic,BeepBoop,Supertrend,PSAR,RandomForest,Ensemble,MACDKeyLevel,BollingerBands,KeltnerChannels,Choc,KNN,EEE,Lstm,SqueezePro,UCB,CNN,MACrossover,LstmMixture,MACD,BarMovement,EXP3,MLP
0,10000.0,10189.9372,8196.44161999997,10052.630920000029,6871.409439999997,9254.96088,9518.484,8326.663819999996,10242.023900000004,10085.682020000007,8965.518160000005,5947.60542000004,10237.90732,10931.549300000064,6851.429690000007,7586.462519999998,8425.20263999999,10188.6329,7434.291799999997,7053.739159999987,5782.196519999995,10654.665879999991,10335.004520000002,7406.772460000002,9816.25612428575
