,UCB,BarMovement,RSI,Choc,Supertrend,EEE,EXP3,SqueezePro,KeltnerChannels,MACrossover,MACD,Stochastic,AlegAATr,PSAR,MACDKeyLevel,BeepBoop,Ensemble,BollingerBands,MACDStochastic
0,9943.976030000018,11249.064259999985,9449.55423,9750.822220000027,11288.301320000139,7664.540450000016,8991.925950000075,10000.0,10129.229999999998,9155.775660000018,9725.53672,9968.69827000002,9973.412110000016,10239.66755999999,8753.581730000002,7932.974360000416,10189.818170000028,10632.043800000009,9993.75428000002
