,RSI,EXP3,MACrossover,MLP,UCB,KeltnerChannels,MACDKeyLevel,AlegAATr,LstmMixture,MACDStochastic,CNN,BarMovement,MACD,Ensemble,Lstm,EEE,PSAR,Supertrend,BeepBoop,SqueezePro,Stochastic,Choc,BollingerBands,RandomForest,KNN
0,10000.0,10887.572209999962,8543.632060000024,10824.170087857174,8914.821616428593,10129.463900000086,9815.096100000008,9031.517510714302,7767.284912857125,10648.042269999994,7724.175460000084,4152.050260000043,12474.645680000038,10749.818679500017,11243.822740000018,14388.505691428589,10691.37123000006,10644.475680000016,13976.178200000037,8694.19441071435,13943.32045285717,8949.752140000057,9755.610359999999,11527.295240000003,13121.527269999991
