,Supertrend,BarMovement,EEE,Lstm,SqueezePro,MACDStochastic,CNN,RSI,BollingerBands,Stochastic,RandomForest,AlegAATr,UCB,Choc,MACD,KeltnerChannels,MACDKeyLevel,Ensemble,EXP3,MACrossover,PSAR,BeepBoop,LstmMixture,KNN,MLP
0,11410.188660000007,10756.246397142844,10702.615824285698,10305.19544,10243.300289999994,10014.077620000005,10000.0,10000.0,10000.0,10000.0,10000.0,9907.137250000002,9901.438550000003,9778.220000000005,9771.703599999999,9664.084786428582,9490.00876000001,9139.070720000123,9052.3691771429,8630.7317,6932.63513000014,6202.60042000022,5555.965660000035,5121.445720000126,3135.1152000004454
