,KeltnerChannels,MACrossover,UCB,Choc,Supertrend,RSI,BarMovement,SqueezePro,Stochastic,MACD,AlegAATr,PSAR,MACDKeyLevel,MACDStochastic,BollingerBands,BeepBoop
0,7989.083749999997,8769.108490000006,12069.219592857176,10280.81088,9498.837800000018,10339.682664999997,10389.929498571439,10034.515599999997,10621.02182999999,9825.532900000007,10008.06279,11455.634180000003,9714.93,8733.566199999996,13994.621160000012,9111.195460000014
