,SqueezePro,EXP3,UCB,Supertrend,Choc,EEE,BarMovement,RSI,MACrossover,KeltnerChannels,MACDKeyLevel,PSAR,BollingerBands,MACDStochastic,BeepBoop,Ensemble,Stochastic,MACD,AlegAATr
0,10658.621044285745,11268.290335000023,9715.438529285737,3598.695300000016,10441.15434000004,8464.551322857134,8520.234879285741,9726.346150000005,9198.24572,9677.087897142865,9983.790029999993,7639.960239999993,6345.20152000028,9914.718912142871,9619.425050000009,10148.834234285769,3529.0414600000004,8869.071699999995,9703.256080000021
