,MACrossover,SqueezePro,BarMovement,Supertrend,Choc,PSAR,MACDKeyLevel,BeepBoop,BollingerBands,MACDStochastic,MACD,Stochastic,AlegAATr
0,7959.747119999994,9410.12784642861,10120.24529999991,5089.522920000002,9546.689519999994,10824.520120000068,11006.629260000005,9731.284,9978.700710000017,11923.47732000006,9014.79792000004,9140.672260000032,8685.12032000001
