,MACD,KeltnerChannels,AlegAATr,MLP,MACDKeyLevel,KNN,RSI,UCB,CNN,EXP3,BeepBoop,Ensemble,RandomForest,Supertrend,BarMovement,EEE,Lstm,Stochastic,Choc,BollingerBands,SqueezePro,PSAR,LstmMixture,MACrossover,MACDStochastic
0,9327.48054000004,9474.629809999999,10384.88511285716,4500.485800000133,9601.82979999995,9938.486574285707,10358.307999999995,10376.516102857158,6054.4222499999705,10195.787302857168,9899.862140000034,10954.485071428646,3925.901180000095,8874.183259999993,6932.436439999981,15566.049099999995,10000.0,9287.138458571444,10552.978115714277,6651.520200000045,8673.248520000003,6923.864690000024,10716.885620000006,10582.441979999961,11949.554840000003
