,RSI,Choc,Lstm,BollingerBands,PSAR,RandomForest,MACrossover,KNN,LstmMixture,BarMovement,Stochastic,Supertrend,EXP3,CNN,EEE,MACD,AlegAATr,Ensemble,UCB,KeltnerChannels,MACDKeyLevel,SqueezePro,MLP,BeepBoop,MACDStochastic
0,10000.0,8765.76931999997,6640.886140000055,10975.223990000044,10648.568299999992,10000.0,6358.951559999994,8340.27484,10000.0,9546.051891428566,8517.103500000427,12379.873880000094,11375.464902142898,9184.210430000001,9339.109844999999,8256.054940000015,10000.0,9982.678889999988,8575.403857142848,8978.500479999992,9879.353109999998,9179.493099999998,9954.04240000006,9363.494840000012,9850.884040000017
