,MACD,EXP3,Stochastic,Ensemble,Choc,UCB,SqueezePro,KeltnerChannels,MACDKeyLevel,EEE,Supertrend,AlegAATr,MACrossover,BollingerBands,BarMovement,RSI,PSAR,MACDStochastic,BeepBoop
0,12474.645680000038,10887.572209999962,13943.32045285717,10749.818679500017,8949.752140000057,8914.821616428593,8694.19441071435,10129.463900000086,9815.096100000008,14388.505691428589,10644.475680000016,9031.517510714302,8543.632060000024,9755.610359999999,4152.050260000043,10000.0,10691.37123000006,10648.042269999994,13976.178200000037
