,BarMovement,BollingerBands,MACrossover,AlegAATr,Supertrend,BeepBoop,MACDStochastic,PSAR,RSI,KeltnerChannels,UCB,SqueezePro,Ensemble,Choc,Stochastic,EXP3,MACD,EEE,MACDKeyLevel
0,12530.301079999997,8997.533920000003,12875.982980000006,10000.0,12315.887174000021,8585.485320000029,4893.79842000007,10000.0,10000.0,4412.445660000006,10714.218120000023,9192.042440000001,6447.611160000013,10000.0,10840.915160000011,10000.0,10000.0,12149.172926000003,9820.433235714285
