,CNN,KeltnerChannels,MACrossover,KNN,EXP3,SqueezePro,UCB,BarMovement,RSI,Supertrend,Choc,EEE,PSAR,MACDKeyLevel,BeepBoop,Ensemble,BollingerBands,MACDStochastic,Lstm,MACD,Stochastic,AlegAATr,MLP,LstmMixture,RandomForest
0,7205.238199999989,10000.0,7951.10262,6705.437160000002,10000.0,9410.539780000037,8764.007900000024,10097.700079999904,10000.0,5088.135619999997,9546.409169999995,7802.343610000014,10777.63392000007,10989.376300000009,9731.284,11297.56250928573,9986.745480000014,11909.636860000057,10000.0,8995.088680000037,9145.251790000037,10000.0,8536.312990000004,10000.0,11849.978080000003
