,MACrossover,KeltnerChannels,EXP3,SqueezePro,UCB,RSI,BarMovement,Supertrend,Choc,EEE,MACDKeyLevel,PSAR,BeepBoop,Ensemble,MACDStochastic,BollingerBands,MACD,Stochastic,AlegAATr
0,8654.158639999983,9759.39866,9318.501860000013,10000.0,10115.178700000022,10000.0,12161.063360000055,9857.506700000005,10760.938740000003,8679.585950000062,8009.498080000066,9159.108940000038,8193.3203600001,10000.0,10215.32715214286,10110.33902000004,8980.849440000062,10439.145640000013,10000.0
