,KeltnerChannels,MACrossover,UCB,Choc,Supertrend,EEE,RSI,BarMovement,SqueezePro,EXP3,Stochastic,MACD,AlegAATr,PSAR,MACDKeyLevel,MACDStochastic,BollingerBands,BeepBoop,Ensemble
0,7981.259829999985,8767.229860000005,12061.089532857177,10280.199700000001,9498.837800000018,10025.869432857144,10328.362145,10381.560064285724,10033.445869999992,10119.948900000007,10617.065749999987,9823.568660000004,10000.0,11436.463260000015,9714.93,8741.686299999998,14002.667310000006,9123.989420000013,6968.678130000012
