,MACrossover,KeltnerChannels,EXP3,SqueezePro,UCB,RSI,BarMovement,Supertrend,Choc,EEE,MACDKeyLevel,PSAR,BeepBoop,Ensemble,MACDStochastic,BollingerBands,MACD,Stochastic,AlegAATr
0,8653.888359999984,9759.4037,9467.482100000008,10000.0,10115.171720000022,10000.0,12125.192660000052,9863.701240000002,10760.938740000003,7856.419100000005,8016.110390000061,9155.716500000033,8198.737980000102,10000.0,10222.71356428572,10127.062120000035,9006.09251000006,10440.030550000012,10000.0
