,AlegAATr,MACD,Stochastic,BeepBoop,BollingerBands,MACDKeyLevel,BarMovement,Choc,Supertrend,UCB,EXP3,SqueezePro,MACrossover,KeltnerChannels
0,8828.074400000003,10130.401599999997,8316.680900000001,8097.338419999997,9983.809219999994,7421.693140000003,9664.675920000027,9152.988,9754.777830000032,9659.372830000006,9456.362170000004,9233.433200000027,10239.817320000016,9193.545540000001
