,UCB,BarMovement,RSI,Choc,Supertrend,EEE,KNN,EXP3,SqueezePro,KeltnerChannels,MACrossover,CNN,MLP,LstmMixture,RandomForest,MACD,Stochastic,AlegAATr,PSAR,MACDKeyLevel,BeepBoop,Ensemble,BollingerBands,MACDStochastic,Lstm
0,9968.277610000016,11274.145859999986,9453.89561,9751.794500000027,11288.620150000137,10594.395910000014,10000.0,7914.369410000031,10000.0,10129.229999999998,9159.418680000019,10000.0,4767.100790001642,8650.639900000002,6032.089010000362,9730.54648,9982.939400000027,13219.908946666745,10208.271639999988,8746.834480000003,7935.0938800004205,10174.771730000031,10643.361720000008,9996.728350000021,10000.0
