,BarMovement,UCB,KeltnerChannels,CNN,AlegAATr,Lstm,RandomForest,BollingerBands,MLP,Supertrend,SqueezePro,Choc,MACDStochastic,EXP3,MACDKeyLevel,LstmMixture,KNN,Stochastic,MACD,MACrossover,BeepBoop,EEE,PSAR,Ensemble,RSI
0,8667.182074285718,10625.558104285703,10130.344208571454,610.3548200000723,10625.558104285703,8521.263020000004,10000.0,9706.97003,998.4756600007099,9511.42674,10036.656400000002,10000.0,9691.034190000008,9322.049404285726,9240.685030000002,3100.172779999976,5723.567300000222,10000.0,9520.985999999999,9725.396,7445.0396100003145,9531.82304285714,5606.555050000184,6399.836900000111,10000.0
