,BarMovement,UCB,KeltnerChannels,CNN,AlegAATr,Lstm,RandomForest,BollingerBands,MLP,Supertrend,SqueezePro,Choc,MACDStochastic,EXP3,MACDKeyLevel,LstmMixture,KNN,Stochastic,MACD,MACrossover,BeepBoop,EEE,PSAR,Ensemble,RSI
0,6611.434140000091,9484.680399999994,9145.65324000011,596.7622600000707,9485.612239999993,3682.7186000000843,10263.803794285715,9252.26599999999,9861.751359999993,7944.948680000047,9823.643219999994,10491.529119999988,9753.131560000003,8940.52943,8807.175130000058,9433.134900000052,10000.0,8746.22023000023,9536.692,10238.579920000011,11128.734430000004,10403.418249999999,6796.940570000165,8508.7897561905,9516.61248
