,AlegAATr,MACD,Stochastic,BeepBoop,Ensemble,BollingerBands,MACDStochastic,PSAR,MACDKeyLevel,BarMovement,RSI,Choc,Supertrend,EEE,UCB,EXP3,SqueezePro,KeltnerChannels,MACrossover
0,9396.576372857147,9309.193060000005,9600.6025,6434.602619999998,10283.031300000008,7385.677330000018,9789.719790000043,9649.61566999999,8139.069379999998,10000.0,10000.0,8915.2897,9847.691130000061,9781.155690000005,10000.0,9931.376939999986,9145.844490000014,10000.0,11125.90038000004
