,EEE,MACDKeyLevel,Ensemble,Choc,UCB,SqueezePro,KeltnerChannels,MACD,Stochastic,EXP3,BeepBoop,RSI,PSAR,MACDStochastic,BollingerBands,BarMovement,Supertrend,AlegAATr,MACrossover
0,12291.395270000028,8804.603330000007,11524.956180000048,7416.948519999994,9807.949590000006,10000.0,8783.353179999998,10000.0,9172.56098,10000.0,12067.855280000049,10000.0,6704.053120000004,10000.0,11571.550860000016,10111.90143,9298.715070000015,9770.700617142851,10148.349930000024
