,AlegAATr,MACrossover,Supertrend,BollingerBands,BarMovement,MACDStochastic,RSI,PSAR,BeepBoop,MACD,Stochastic,EXP3,KeltnerChannels,Ensemble,Choc,UCB,SqueezePro,MACDKeyLevel,EEE
0,10000.0,6358.951559999994,12379.873880000094,10975.223990000044,9546.051891428566,9850.884040000017,10000.0,10648.568299999992,9363.494840000012,8256.054940000015,8517.103500000427,11375.464902142898,8978.500479999992,9982.678889999988,8765.76931999997,8575.403857142848,9179.493099999998,9879.353109999998,9339.109844999999
