,KeltnerChannels,EEE,EXP3,CNN,BollingerBands,PSAR,UCB,KNN,Supertrend,BarMovement,MACDKeyLevel,MACD,MACDStochastic,Choc,RSI,Lstm,MLP,Ensemble,MACrossover,SqueezePro,LstmMixture,Stochastic,BeepBoop,RandomForest,AlegAATr
0,6846.7401,13599.94557000004,11300.381330000011,5155.131939999998,11701.222350000806,10091.24436000002,9079.600360000008,10000.0,10098.836220000001,8135.4424999999965,9838.063639999998,12077.635900000138,9925.106100000012,8703.63398000002,10000.0,11437.540450000022,11496.581859999997,12462.300439999988,9200.715999999991,10395.957930000026,7537.191960000009,12110.451260000034,10000.0,10000.0,9330.643780000002
