,MLP,MACDKeyLevel,EXP3,MACDStochastic,Stochastic,BeepBoop,AlegAATr,RandomForest,PSAR,Supertrend,RSI,KNN,UCB,MACD,MACrossover,CNN,BollingerBands,EEE,LstmMixture,Lstm,Choc,KeltnerChannels,SqueezePro,Ensemble,BarMovement
0,8613.202839999996,10486.998725000009,7511.870780714276,9467.93911857142,2409.1535000000167,9047.052540000004,10518.230987142868,10528.645754285702,7361.360420000003,5911.10284000003,10000.0,10071.374734285717,10520.117227142868,9584.1468,10000.0,8526.827290000083,8993.097190000117,9591.310010000005,2614.067499999998,9897.370599999998,9926.160920000002,10103.432062857175,9835.570500000005,11020.860233928603,8639.66973999998
