,MACD,KeltnerChannels,KNN,MACrossover,MLP,EEE,SqueezePro,Ensemble,Stochastic,AlegAATr,RSI,UCB,MACDStochastic,BeepBoop,PSAR,Choc,Lstm,BollingerBands,CNN,Supertrend,MACDKeyLevel,RandomForest,EXP3,BarMovement,LstmMixture
0,10000.0,9645.740829285722,3423.3432400008005,11306.870659999973,1851.2578000000024,10989.307030000005,7415.43170000052,9349.006062499977,10038.42475714286,10213.19438,10000.0,10214.7718,9326.79710142855,10000.0,8364.373450000076,8800.944240000008,7534.052242142995,9260.731538571594,10000.0,7199.62596,10100.948963571434,10000.0,9729.563012857143,9714.12832,10000.0
