,SqueezePro,EXP3,UCB,Supertrend,Choc,EEE,BarMovement,RSI,MACrossover,KeltnerChannels,MACDKeyLevel,PSAR,BollingerBands,MACDStochastic,BeepBoop,Ensemble,Stochastic,MACD,AlegAATr
0,9769.110760000012,8943.933674285756,10853.271674285717,6976.067570000482,9203.470660000115,9043.147370000168,10930.292100000059,10000.0,10000.0,9093.06558642856,9965.44754000005,4979.803110000844,10000.0,9874.287552857148,7568.147760000147,9658.686850000002,10979.49246000001,7060.056600000118,10000.0
