,AlegAATr,MACDStochastic,Ensemble,RSI,Lstm,EEE,Stochastic,LstmMixture,MACrossover,PSAR,EXP3,Supertrend,BeepBoop,RandomForest,BarMovement,KNN,SqueezePro,MLP,MACD,UCB,KeltnerChannels,Choc,BollingerBands,MACDKeyLevel,CNN
0,10604.412279999993,9765.068887142883,8486.852581428684,10000.0,10558.013200000003,8496.213860000007,9380.713179999992,7837.62918000001,10622.182390000027,8071.276980000005,7054.780880000011,9503.92117000001,8696.575069999999,4989.139140000179,8725.910360000036,10558.59433,9080.05590000001,9414.73914000018,7482.056600000002,10638.40887999999,8520.584260000463,11001.346999999976,8745.641120000026,9724.855760000008,9880.302520000007
