,UCB,Choc,Supertrend,EEE,RSI,BarMovement,SqueezePro,EXP3,MACrossover,KeltnerChannels,Stochastic,MACD,AlegAATr,MACDKeyLevel,PSAR,MACDStochastic,BollingerBands,BeepBoop,Ensemble
0,10189.9372,10240.22882,9257.4044,8254.209270000014,10000.0,10337.18424,8425.20263999999,6816.762389999997,7075.437759999986,5948.087450000044,8184.772739999978,10669.229859999994,6257.506026071416,10084.730900000008,9518.484,10052.630920000029,8975.085950000002,6886.773919999996,10251.944160000005
