,KeltnerChannels,MACrossover,CNN,UCB,Choc,Supertrend,EEE,RSI,BarMovement,KNN,SqueezePro,EXP3,Stochastic,MACD,AlegAATr,PSAR,MACDKeyLevel,MACDStochastic,BollingerBands,Lstm,BeepBoop,Ensemble,LstmMixture,RandomForest,MLP
0,7981.259829999985,8767.229860000005,15753.212230000003,12061.089532857177,10280.199700000001,9498.837800000018,10025.869432857144,10328.362145,10381.560064285724,11078.667925714271,10033.445869999992,10119.948900000007,10617.065749999987,9823.568660000004,10000.0,11436.463260000015,9714.93,8741.686299999998,14002.667310000006,10000.0,9123.989420000013,6968.678130000012,9904.917470000006,10000.0,9514.740119999999
