,CNN,MACrossover,KeltnerChannels,KNN,SqueezePro,EXP3,UCB,Supertrend,Choc,EEE,RSI,BarMovement,MACDKeyLevel,PSAR,Lstm,MACDStochastic,BollingerBands,BeepBoop,Ensemble,Stochastic,MACD,AlegAATr,RandomForest,LstmMixture,MLP
0,10790.231269999978,9812.116700000004,9975.483960000001,9528.339526428614,10248.17499999999,11901.33667428573,9915.444891428562,8089.0267,10000.0,10000.0,10567.431960000027,10132.919908571423,8913.950420000085,10000.0,8416.61050000005,10008.366250000103,8941.465379999998,7356.337000000002,10000.0,11195.68246000001,9816.04797,9208.731240952398,10000.0,10727.52348999998,11852.408080000014
