,Ensemble,RandomForest,UCB,AlegAATr,MACDKeyLevel,KeltnerChannels,KNN,RSI,MACrossover,Choc,Lstm,SqueezePro,EEE,MACD,MACDStochastic,BeepBoop,BollingerBands,BarMovement,MLP,CNN,EXP3,PSAR,Supertrend,LstmMixture,Stochastic
0,11020.860233928603,10528.645754285702,10520.117227142868,10518.230987142868,10486.998725000009,10103.432062857175,10071.374734285717,10000.0,10000.0,9926.160920000002,9897.370599999998,9835.570500000005,9591.310010000005,9584.1468,9467.93911857142,9047.052540000004,8993.097190000117,8639.66973999998,8613.202839999996,8526.827290000083,7511.870780714276,7361.360420000003,5911.10284000003,2614.067499999998,2409.1535000000167
