,EEE,MACDKeyLevel,Choc,UCB,SqueezePro,KeltnerChannels,MACD,Stochastic,EXP3,BeepBoop,RSI,PSAR,MACDStochastic,BollingerBands,BarMovement,Supertrend,AlegAATr,MACrossover
0,10989.307030000005,10102.64434928572,8799.160480000008,10214.7718,7420.91857000052,9645.740829285722,10000.0,10003.925707142862,9729.563012857143,10000.0,10000.0,8362.485720000077,9351.412919999977,9245.03288285731,9714.12832,7234.771679999997,10213.19438,11304.564999999966
