,EEE,MACDKeyLevel,Choc,UCB,SqueezePro,KeltnerChannels,Stochastic,BeepBoop,RSI,PSAR,MACDStochastic,BollingerBands,BarMovement,Supertrend,AlegAATr,MACrossover
0,9510.84776,8809.33671000001,7415.212299999997,9807.728830000005,10000.0,8798.264039999996,9205.83698,12036.79428000005,10000.0,6693.232540000005,10000.0,11534.29963000002,10111.52951,9315.108360000007,10044.62585,10160.94978000002
