,MACD,EXP3,RandomForest,Stochastic,Ensemble,Choc,UCB,Lstm,SqueezePro,KeltnerChannels,MACDKeyLevel,KNN,EEE,CNN,LstmMixture,Supertrend,AlegAATr,MACrossover,BollingerBands,BarMovement,RSI,PSAR,MACDStochastic,BeepBoop,MLP
0,12431.697330000045,13429.195100714276,11527.295240000003,13945.647826428605,10727.728785500016,8949.719260000056,8896.514978571448,11243.822740000018,8698.265324285778,10114.82410000009,9803.977190000003,13121.527269999991,12910.187433571442,7724.175460000084,7767.284912857125,10631.244500000015,10000.0,8550.840180000027,9755.610359999999,4152.468200000043,10000.0,10710.34352000006,10648.601169999998,13959.376740000036,10824.170087857174
