,Choc,Supertrend,RSI,BarMovement,SqueezePro,MACrossover,KeltnerChannels,Stochastic,MACD,AlegAATr,MACDKeyLevel,PSAR,MACDStochastic,BollingerBands,BeepBoop
0,10240.22882,9257.4044,10000.0,10340.161420000002,8423.83729999999,7054.965559999986,5955.536770000046,8197.923579999971,10648.527119999995,5833.227960000031,10085.68702000001,9518.484,10052.630920000029,8975.346110000008,6874.523219999986
