,MLP,Supertrend,BeepBoop,Ensemble,BarMovement,RSI,PSAR,EXP3,MACrossover,MACDKeyLevel,AlegAATr,MACD,KeltnerChannels,BollingerBands,Choc,Stochastic,LstmMixture,KNN,MACDStochastic,UCB,Lstm,SqueezePro,RandomForest,CNN,EEE
0,11852.408080000014,8094.287519999999,7357.194420000003,10000.0,10135.778518571416,10567.431960000027,10000.0,8810.119239999993,9813.840400000005,8916.859190000088,10000.0,9816.457140000002,9992.541350000001,8927.227599999998,10000.0,11193.67732000001,10727.52348999998,9528.339526428614,10010.055350000102,9911.756131428561,8416.61050000005,10248.17499999999,10000.0,10790.231269999978,10000.0
