,MACDStochastic,PSAR,RSI,BeepBoop,MACrossover,AlegAATr,Supertrend,BarMovement,BollingerBands,MACDKeyLevel,EEE,EXP3,Stochastic,MACD,KeltnerChannels,UCB,SqueezePro,Ensemble,Choc
0,9765.068887142883,8071.276980000005,10000.0,8696.575069999999,10622.182390000027,10604.412279999993,9503.92117000001,8725.910360000036,8745.641120000026,9724.855760000008,8496.213860000007,7054.780880000011,9380.713179999992,7482.056600000002,8520.584260000463,10638.40887999999,9080.05590000001,8486.852581428684,11001.346999999976
