,AlegAATr,Stochastic,MACD,MACDStochastic,BollingerBands,BeepBoop,Ensemble,PSAR,MACDKeyLevel,KeltnerChannels,MACrossover,Choc,Supertrend,EEE,RSI,BarMovement,UCB,SqueezePro,EXP3
0,9485.612239999993,8746.22023000023,9536.692,9753.131560000003,9252.26599999999,11128.734430000004,8508.7897561905,6796.940570000165,8807.175130000058,9145.65324000011,10238.579920000011,10491.529119999988,7944.948680000047,10403.418249999999,9516.61248,6611.434140000091,9484.680399999994,9823.643219999994,8940.52943
