,PSAR,UCB,RSI,MLP,EXP3,SqueezePro,EEE,BollingerBands,Choc,Lstm,BeepBoop,MACDStochastic,Stochastic,KeltnerChannels,RandomForest,LstmMixture,Supertrend,AlegAATr,Ensemble,KNN,CNN,MACrossover,MACD,MACDKeyLevel,BarMovement
0,9155.716500000033,10115.171720000022,10000.0,10000.0,9467.482100000008,10000.0,7856.419100000005,10127.062120000035,10760.938740000003,10000.0,8198.737980000102,10222.71356428572,10440.030550000012,9759.4037,10000.0,10000.0,9863.701240000002,10000.0,10000.0,10000.0,9913.366034285717,8653.888359999984,9006.09251000006,8016.110390000061,12125.192660000052
