,MACDKeyLevel,EEE,Stochastic,EXP3,MACD,UCB,SqueezePro,Ensemble,Choc,KeltnerChannels,PSAR,RSI,MACDStochastic,BeepBoop,Supertrend,MACrossover,AlegAATr,BarMovement,BollingerBands
0,8611.611604999987,8998.132592857173,3365.030759999998,10058.925294285747,6565.28632000005,10075.768393571465,10337.320020000014,9725.93614,10946.577699999983,9383.855890714494,9706.157839999993,10003.910220000014,8364.663790000004,11856.088461428657,8823.765119999998,7839.75839000001,10198.55135,9494.46967000001,9015.572210000006
