,Choc,Lstm,PSAR,MACDStochastic,BeepBoop,MACDKeyLevel,RSI,LstmMixture,CNN,RandomForest,EXP3,Ensemble,MACD,BarMovement,AlegAATr,UCB,EEE,KeltnerChannels,BollingerBands,Stochastic,Supertrend,SqueezePro,MACrossover,KNN,MLP
0,11067.962040000046,11002.399615000126,10555.83915000003,10532.992145714323,10390.18215,10007.671412142872,10000.0,10000.0,10000.0,10000.0,9842.129864285725,9818.30119,9779.809030000002,9636.538889999996,9462.231088571441,9440.432120000014,9420.881564285715,9133.287321428597,8919.106268571462,8877.036008571478,8675.35914,8376.191030000344,6969.983900000044,3289.140320001343,2280.5811
