,MACDKeyLevel,EEE,Stochastic,EXP3,MACD,UCB,SqueezePro,Ensemble,Choc,KeltnerChannels,PSAR,RSI,MACDStochastic,BeepBoop,Supertrend,MACrossover,AlegAATr,BarMovement,BollingerBands
0,8632.324579999986,6182.13475142858,3365.920399999995,7473.340638571451,6566.579200000063,10071.36139071432,10339.484660000018,9725.93614,10949.613839999985,9387.096614285922,9693.45375,10003.910220000014,8357.608000000006,11845.189660000098,8839.135619999994,7840.207910000001,8510.565430714316,9475.041320000011,9024.683219999999
