,MACrossover,KeltnerChannels,Choc,Supertrend,BarMovement,RSI,Stochastic,MACD,AlegAATr,MACDKeyLevel,PSAR,BollingerBands,MACDStochastic,BeepBoop
0,7231.2488800000165,10332.245269999998,9465.3516,10192.61522000002,9382.053485714307,9679.657639999992,5820.816839999992,11522.285925714292,8869.457180000027,8641.929492857169,9276.433559999989,11597.209010000011,10468.75109000002,9633.867600000047
