,CNN,BarMovement,MACDStochastic,RSI,Ensemble,KeltnerChannels,MLP,MACrossover,Choc,Lstm,RandomForest,Stochastic,SqueezePro,MACD,MACDKeyLevel,UCB,Supertrend,BeepBoop,AlegAATr,PSAR,EEE,LstmMixture,BollingerBands,KNN,EXP3
0,10000.0,13868.528990000043,9153.968120000025,10000.0,8980.427969999962,8762.447490000162,9693.41248,9348.559389999997,9423.041769999993,9692.3138,10553.1855,9683.794899999992,9855.467920000003,9385.245719999988,9592.288309999996,9615.73574000003,11554.552849999991,8124.748799999998,10000.0,15419.715299999998,10688.26985999999,11147.1668,10000.0,9538.390921428569,13866.747160000023
