,AlegAATr,UCB,KeltnerChannels,SqueezePro,Stochastic,RandomForest,Choc,RSI,MACrossover,BollingerBands,MACDStochastic,EEE,MACD,Supertrend,EXP3,MACDKeyLevel,BarMovement,Lstm,BeepBoop,Ensemble,KNN,PSAR,LstmMixture,MLP,CNN
0,10625.558104285703,10625.558104285703,10130.344208571454,10036.656400000002,10000.0,10000.0,10000.0,10000.0,9725.396,9706.97003,9691.034190000008,9531.82304285714,9520.985999999999,9511.42674,9322.049404285726,9240.685030000002,8667.182074285718,8521.263020000004,7445.0396100003145,6399.836900000111,5723.567300000222,5606.555050000184,3100.172779999976,998.4756600007099,610.3548200000723
