,UCB,Choc,Supertrend,EEE,RSI,BarMovement,SqueezePro,EXP3,MACrossover,KeltnerChannels,Stochastic,MACD,AlegAATr,MACDKeyLevel,PSAR,MACDStochastic,BollingerBands,BeepBoop
0,10190.206940000002,10240.22882,9257.4044,8132.8048500000095,10000.0,10340.161420000002,8423.83729999999,9446.631119999987,7054.965559999986,5955.536770000046,8197.923579999971,10648.527119999995,10192.3474,10085.68702000001,9518.484,10052.630920000029,8975.346110000008,6874.523219999986
