,AlegAATr,MACD,Stochastic,BeepBoop,Ensemble,MACDStochastic,BollingerBands,MACDKeyLevel,PSAR,RSI,BarMovement,Choc,Supertrend,EEE,UCB,EXP3,SqueezePro,MACrossover,KeltnerChannels
0,8811.830090000003,10131.488279999998,8316.652039999999,8095.099379999997,9657.004489999992,10000.0,9977.171699999995,7420.062440000003,10000.0,10000.0,9665.310580000036,9167.864399999999,9754.777830000032,9642.050120000013,8793.104110000004,9458.214810000032,9233.433200000027,10239.817320000016,9193.290520000002
