,AlegAATr,MACD,MACDStochastic,BollingerBands,BeepBoop,PSAR,MACDKeyLevel,KeltnerChannels,MACrossover,Choc,Supertrend,EEE,RSI,BarMovement,UCB,SqueezePro,EXP3
0,10629.591784285705,9520.985999999999,9690.273030000006,9716.35755,7442.0646700003135,5605.172310000189,9236.271990000003,10130.96435000003,9725.396,10000.0,9514.667400000002,9531.82304285714,10000.0,8680.663108571434,10625.558104285703,10035.653320000001,9322.049404285726
