,MACDStochastic,PSAR,RSI,MLP,BeepBoop,MACrossover,AlegAATr,Supertrend,LstmMixture,BarMovement,BollingerBands,KNN,MACDKeyLevel,EEE,CNN,EXP3,RandomForest,Stochastic,MACD,KeltnerChannels,UCB,Lstm,SqueezePro,Ensemble,Choc
0,9763.235041428596,8070.896780000001,10000.0,9414.73914000018,8657.97623,10620.126685000025,10000.0,9504.966400000007,7837.62918000001,8737.145720000031,8755.807180000014,10558.59433,9720.182320000009,7495.359730000009,9880.302520000007,10548.576350000008,4989.139140000179,9372.576679999996,7499.562280000001,8521.858860000466,10608.438879999992,10558.013200000003,9084.704510000007,8481.559872857253,11006.318639999978
