,MACD,EXP3,Stochastic,Choc,UCB,SqueezePro,KeltnerChannels,MACDKeyLevel,EEE,Supertrend,AlegAATr,MACrossover,BollingerBands,BarMovement,PSAR,MACDStochastic,BeepBoop
0,12466.681120000036,13184.726870714312,13948.552018571454,8951.413110000056,8905.330088571449,8689.366407857206,10116.797060000094,9828.000940000005,9681.697343571414,10638.317320000015,14636.834690000034,8524.121280000023,9756.12704,4161.609640000042,10713.437160000063,10646.547669999998,13924.650500000029
