,MACDKeyLevel,BeepBoop,BollingerBands,PSAR,CNN,EEE,BarMovement,RSI,KNN,MLP,Ensemble,MACrossover,Supertrend,RandomForest,Stochastic,Choc,AlegAATr,UCB,MACDStochastic,MACD,KeltnerChannels,Lstm,EXP3,LstmMixture,SqueezePro
0,8919.90593999999,10376.901010000021,9393.45080000006,6825.733069999993,4077.9541399999534,9406.227600000018,4019.681539999991,10000.0,8575.50673428573,6648.287080000003,9874.515740000003,9568.900419999998,8240.889299999997,9520.571560000008,8803.865700000008,9609.066879999982,10414.152303571429,10400.391680714289,9925.125285714279,8885.78116000001,8760.067880000051,10000.0,8974.573290000013,10000.0,10196.6577
