,MACDKeyLevel,KeltnerChannels,MACDStochastic,RandomForest,KNN,Lstm,UCB,AlegAATr,Choc,MACrossover,CNN,Stochastic,EEE,BarMovement,RSI,SqueezePro,BeepBoop,BollingerBands,Supertrend,EXP3,Ensemble,MACD,PSAR,MLP,LstmMixture
0,9965.44754000005,9093.06558642856,9874.287552857148,10000.0,10994.206729999984,9561.973880000003,10853.271674285717,10000.0,9203.470660000115,10000.0,10000.0,10979.49246000001,9043.147370000168,10930.292100000059,10000.0,9769.110760000012,7568.147760000147,10000.0,6976.067570000482,8943.933674285756,9658.686850000002,7060.056600000118,4979.803110000844,8982.116417142855,4429.506560000094
