,MACDStochastic,PSAR,BeepBoop,MACrossover,AlegAATr,Supertrend,BarMovement,BollingerBands,MACDKeyLevel,EEE,EXP3,Stochastic,MACD,KeltnerChannels,UCB,SqueezePro,Choc
0,9760.383052857165,8094.673220000002,8632.7435,10617.930150000026,10534.373809999992,9516.28520000002,8736.22622000003,8754.707460000018,9721.807800000008,9442.293580000058,10139.970810000039,9405.130359999996,7498.639140000001,8523.136980000461,10604.412279999993,9082.81826000001,11006.318639999978
