,MACrossover,KeltnerChannels,EXP3,SqueezePro,UCB,RSI,BarMovement,Supertrend,Choc,EEE,MACDKeyLevel,PSAR,BeepBoop,MACDStochastic,BollingerBands,MACD,AlegAATr
0,8638.277919999999,9665.771702142867,9052.3691771429,10241.442829999995,9901.438550000003,10000.0,10767.261749999985,11392.241140000006,9778.220000000005,10702.615824285698,9477.82860500001,6934.21267000014,6211.056380000223,10014.542180000006,10000.0,9771.703599999999,9907.137250000002
