,AlegAATr,Stochastic,MACD,BollingerBands,MACDStochastic,BeepBoop,Ensemble,PSAR,MACDKeyLevel,Choc,Supertrend,EEE,BarMovement,RSI,UCB,SqueezePro,EXP3,KeltnerChannels,MACrossover
0,10658.90428,12116.917700000025,12085.878020000142,11695.6496300008,9938.689080000004,10000.0,12471.488724999987,10085.112230000024,9838.063639999998,8697.36180000002,10124.57774,11886.803290000167,8129.189679999995,10000.0,9076.322400000008,10395.957930000026,7083.8130000000265,6831.530100000006,9200.715999999991
