,EEE,MACDKeyLevel,Ensemble,Choc,UCB,SqueezePro,KeltnerChannels,MACD,Stochastic,EXP3,BeepBoop,RSI,PSAR,MACDStochastic,BollingerBands,BarMovement,Supertrend,AlegAATr,MACrossover
0,10989.307030000005,10100.948963571434,9349.006062499977,8800.944240000008,10214.7718,7415.43170000052,9645.740829285722,10000.0,10038.42475714286,9729.563012857143,10000.0,10000.0,8364.373450000076,9326.79710142855,9260.731538571594,9714.12832,7199.62596,10213.19438,11306.870659999973
