,MACDStochastic,BollingerBands,BeepBoop,Ensemble,PSAR,MACDKeyLevel,AlegAATr,Stochastic,MACD,SqueezePro,EXP3,Supertrend,Choc,EEE,RSI,BarMovement,UCB,KeltnerChannels,MACrossover
0,10480.33472,4068.787540000172,8409.662780000004,6628.583740000001,5242.963070000236,11772.665430000003,10000.0,9863.129080000004,8359.634780000011,8314.028540000003,10000.0,8234.989900000088,9712.93396,7760.6052199999895,10000.0,4732.655200000113,8316.124110000006,9946.572610000007,8325.83960000001
