,AlegAATr,MACD,Stochastic,BeepBoop,Ensemble,BollingerBands,MACDStochastic,PSAR,MACDKeyLevel,BarMovement,RSI,Choc,Supertrend,EEE,UCB,EXP3,SqueezePro,KeltnerChannels,MACrossover
0,10000.0,9309.204570000004,9635.959,6441.197339999997,10269.750160000005,7400.804920000017,9788.275370000043,9654.02240999999,8139.874539999997,10000.0,10000.0,8917.317759999998,9859.240420000066,10000.0,10000.0,10099.643830000003,9165.729470000017,10000.0,11089.517800000032
