,MACDStochastic,UCB,LstmMixture,EXP3,Supertrend,CNN,Lstm,PSAR,Choc,MACrossover,KNN,MACD,KeltnerChannels,MACDKeyLevel,Ensemble,BarMovement,AlegAATr,RSI,BollingerBands,MLP,BeepBoop,Stochastic,SqueezePro,RandomForest,EEE
0,11959.818720000058,8753.057600000026,10000.0,10000.0,5097.063420000001,7205.238199999989,10000.0,10789.294180000072,9524.403749999994,7952.418579999991,6705.437160000002,9018.172740000038,10000.0,11018.836780000007,11302.255423571445,10168.15239999991,9006.299180000022,10000.0,9977.269120000019,8536.312990000004,9731.284,9133.781040000042,9408.400080714324,11849.978080000003,11537.44229999998
