,EEE,MACDKeyLevel,UCB,SqueezePro,Ensemble,Choc,KeltnerChannels,Stochastic,EXP3,MACD,BeepBoop,PSAR,RSI,MACDStochastic,BarMovement,BollingerBands,Supertrend,MACrossover,AlegAATr
0,8344.828605714354,11149.488650000489,9370.456474285771,10546.61801000018,9650.780465238053,9273.960959999986,7270.617540000025,7034.991799999999,8418.054809999987,10890.729705714353,9737.763035714283,14222.64608000003,10000.0,10662.410040000115,11113.555199999992,8511.465899999987,12675.856579999989,8644.901610000006,7406.808702857201
