,AlegAATr,MACrossover,LstmMixture,Supertrend,BollingerBands,BarMovement,MACDStochastic,RSI,PSAR,MLP,BeepBoop,MACD,RandomForest,Stochastic,EXP3,KeltnerChannels,Ensemble,Choc,UCB,Lstm,SqueezePro,KNN,MACDKeyLevel,CNN,EEE
0,7408.858560000004,6364.546619999996,10000.0,12392.681840000092,10958.026412857187,9533.701199999996,9841.46876000002,10000.0,10724.021379999993,9954.04240000006,9354.973320000012,8251.150020000014,10000.0,8521.044950000434,13811.79283571435,8987.424960000006,9975.900672380942,8768.523019999971,8576.706417142848,6640.886140000055,9204.313880000002,8340.27484,9886.23347,9184.210430000001,9206.18860500006
