,EXP3,RandomForest,CNN,SqueezePro,Lstm,Choc,Ensemble,KNN,MACDKeyLevel,MACDStochastic,RSI,UCB,AlegAATr,KeltnerChannels,BeepBoop,MACrossover,MACD,BarMovement,EEE,MLP,PSAR,BollingerBands,Supertrend,Stochastic,LstmMixture
0,11268.290335000023,11021.473979999992,10941.931060000192,10658.621044285745,10450.776120000008,10441.15434000004,10148.834234285769,10011.236991428572,9983.790029999993,9914.718912142871,9726.346150000005,9715.438529285737,9703.256080000021,9677.087897142865,9619.425050000009,9198.24572,8869.071699999995,8520.234879285741,8464.551322857134,8411.163880000004,7639.960239999993,6345.20152000028,3598.695300000016,3529.0414600000004,126.11506000001012
