,AlegAATr,MACrossover,Supertrend,BollingerBands,BarMovement,MACDStochastic,RSI,PSAR,BeepBoop,MACD,Stochastic,EXP3,KeltnerChannels,Ensemble,Choc,UCB,SqueezePro,MACDKeyLevel,EEE
0,7408.858560000004,6364.546619999996,12392.681840000092,10958.026412857187,9533.701199999996,9841.46876000002,10000.0,10724.021379999993,9354.973320000012,8251.150020000014,8521.044950000434,13811.79283571435,8987.424960000006,9975.900672380942,8768.523019999971,8576.706417142848,9204.313880000002,9886.23347,9206.18860500006
