,AlegAATr,MACDStochastic,Ensemble,RSI,Lstm,EEE,Stochastic,LstmMixture,MACrossover,PSAR,EXP3,Supertrend,BeepBoop,RandomForest,BarMovement,KNN,SqueezePro,MLP,MACD,UCB,KeltnerChannels,Choc,BollingerBands,MACDKeyLevel,CNN
0,9462.231088571441,10532.992145714323,9818.30119,10000.0,11002.399615000126,9420.881564285715,8877.036008571478,10000.0,6969.983900000044,10555.83915000003,9842.129864285725,8675.35914,10390.18215,10000.0,9636.538889999996,3289.140320001343,8376.191030000344,2280.5811,9779.809030000002,9440.432120000014,9133.287321428597,11067.962040000046,8919.106268571462,10007.671412142872,10000.0
