,EXP3,LstmMixture,Stochastic,BarMovement,Supertrend,Choc,SqueezePro,CNN,AlegAATr,MACDKeyLevel,KeltnerChannels,Ensemble,MACDStochastic,BeepBoop,BollingerBands,KNN,Lstm,RandomForest,MACD,MACrossover,RSI,PSAR,EEE,UCB,MLP
0,7473.340638571451,9002.609120000001,3365.920399999995,9475.041320000011,8839.135619999994,10949.613839999985,10339.484660000018,8971.05422714286,8510.565430714316,8632.324579999986,9387.096614285922,9725.93614,8357.608000000006,11845.189660000098,9024.683219999999,264.9732600002804,9981.94966000001,202.72895000027606,6566.579200000063,7840.207910000001,10003.910220000014,9693.45375,6182.13475142858,10071.36139071432,10000.0
