,BarMovement,BollingerBands,MACrossover,AlegAATr,Supertrend,LstmMixture,MLP,BeepBoop,MACDStochastic,PSAR,RSI,KeltnerChannels,UCB,SqueezePro,Lstm,Ensemble,Choc,RandomForest,Stochastic,EXP3,MACD,CNN,EEE,KNN,MACDKeyLevel
0,12530.560179999993,8996.127800000002,12914.1002,10000.0,12313.381445000017,10000.0,9222.27,8588.280160000026,4901.4506400000655,10000.0,10000.0,4410.262590000011,10697.205240000023,9194.571700000004,9222.27,6449.68224000001,10000.0,9713.366,10839.029700000012,10000.0,10000.0,12202.903320000001,9735.738498000017,10000.0,9819.18174
