,BeepBoop,Ensemble,MACDStochastic,BollingerBands,MACDKeyLevel,PSAR,AlegAATr,MACD,Stochastic,MACrossover,KeltnerChannels,EXP3,SqueezePro,RSI,BarMovement,Supertrend,Choc,EEE,UCB
0,9734.632510000032,10316.409440000056,9289.94692,11434.497860000058,8672.12754,6315.757740000807,10000.0,10000.0,9737.579599999994,10035.109650000084,10254.521819999994,8932.580850000126,9935.68206285712,7545.55536,9065.366360000002,8686.67881000025,9742.62087,8137.774500000129,8478.256654285713
