,AlegAATr,MACD,Stochastic,BeepBoop,Ensemble,BollingerBands,MACDStochastic,PSAR,MACDKeyLevel,BarMovement,RSI,Choc,Supertrend,EEE,UCB,EXP3,SqueezePro,KeltnerChannels,MACrossover
0,10518.230987142868,9584.1468,2409.1535000000167,9047.052540000004,11020.860233928603,8993.097190000117,9467.93911857142,7361.360420000003,10486.998725000009,8639.66973999998,10000.0,9926.160920000002,5911.10284000003,9591.310010000005,10520.117227142868,7511.870780714276,9835.570500000005,10103.432062857175,10000.0
