,CNN,EEE,MACDKeyLevel,KNN,Ensemble,Choc,UCB,SqueezePro,Lstm,KeltnerChannels,MACD,RandomForest,Stochastic,EXP3,BeepBoop,MLP,RSI,PSAR,MACDStochastic,BollingerBands,BarMovement,LstmMixture,Supertrend,AlegAATr,MACrossover
0,10000.0,12291.395270000028,8804.603330000007,10703.274190000018,11524.956180000048,7416.948519999994,9807.949590000006,10000.0,10756.109040000001,8783.353179999998,10000.0,7621.017679999997,9172.56098,10000.0,12067.855280000049,9679.516341428562,10000.0,6704.053120000004,10000.0,11571.550860000016,10111.90143,10000.0,9298.715070000015,9770.700617142851,10148.349930000024
