,MACrossover,KeltnerChannels,UCB,Choc,Supertrend,EEE,BarMovement,RSI,SqueezePro,EXP3,Stochastic,MACD,AlegAATr,MACDKeyLevel,PSAR,BollingerBands,MACDStochastic,BeepBoop,Ensemble
0,7207.845920000015,10334.79949,9165.855432857154,9466.331199999999,10192.086560000022,10000.0,9365.256315714309,9678.658239999993,10000.0,10000.0,5822.586299999994,11518.460525714292,10000.0,8646.234698571454,9268.565319999992,11600.907030000017,10468.80414000002,9678.591120000048,9232.518240000018
