,MACDStochastic,BollingerBands,BeepBoop,Ensemble,PSAR,MACDKeyLevel,AlegAATr,Stochastic,MACD,SqueezePro,EXP3,Supertrend,Choc,EEE,RSI,BarMovement,UCB,KeltnerChannels,MACrossover
0,10480.33472,4053.683080000153,8443.195860000005,6635.32113428571,5241.5183400002325,11769.145860000002,4289.283180000206,9914.361880000006,8356.869780000008,8317.526320000003,10000.0,8218.108240000087,9706.708859999999,8016.712610000185,10000.0,4734.60136000011,8352.475780000008,9946.065830000009,8339.487140000008
