,BeepBoop,MACDStochastic,PSAR,RSI,BarMovement,BollingerBands,MACrossover,AlegAATr,Supertrend,EEE,MACDKeyLevel,KeltnerChannels,UCB,SqueezePro,Ensemble,Choc,EXP3,Stochastic,MACD
0,9899.862140000034,11949.554840000003,6923.864690000024,10358.307999999995,6932.436439999981,6651.520200000045,10582.441979999961,10384.88511285716,8874.183259999993,15566.049099999995,9601.82979999995,9474.629809999999,10376.516102857158,8673.248520000003,10954.485071428646,10552.978115714277,10195.787302857168,9287.138458571444,9327.48054000004
