,EEE,MACDKeyLevel,UCB,SqueezePro,Ensemble,Choc,KeltnerChannels,Stochastic,EXP3,MACD,BeepBoop,PSAR,RSI,MACDStochastic,BarMovement,BollingerBands,Supertrend,MACrossover,AlegAATr
0,10498.708382857107,11149.245590000482,9400.731762857198,10547.847540000183,9651.314997142812,9266.131799999983,7271.480500000022,7034.991799999999,9698.807772857122,10902.882128571495,9727.186314285711,14208.596640000027,10000.0,10671.155880000113,11113.555199999992,8533.728459999991,12644.423799999991,8653.320160000016,10000.0
