,AlegAATr,Stochastic,MACD,MACDStochastic,BollingerBands,BeepBoop,PSAR,MACDKeyLevel,KeltnerChannels,MACrossover,Choc,Supertrend,RSI,BarMovement,SqueezePro
0,8347.497190000116,8746.22023000023,9536.692,9752.157720000003,9252.096739999992,11142.04444000001,6796.940570000165,8807.175130000058,9148.43572000011,10238.579920000011,10490.995319999989,7950.940500000047,9515.62592,6608.192470000094,9824.616159999996
