,BollingerBands,MACDStochastic,BeepBoop,Ensemble,MACDKeyLevel,PSAR,AlegAATr,Stochastic,MACD,SqueezePro,EXP3,Supertrend,Choc,EEE,BarMovement,RSI,UCB,MACrossover,KeltnerChannels
0,10000.0,9156.860140000024,8123.33678,8981.95520999996,9580.939239999992,15435.39274,10340.85793357143,9673.357829999997,9364.776539999988,9856.927840000002,9158.04348000001,11548.114889999995,9423.041769999993,13048.393670000041,13850.35105000004,10000.0,9621.060630000036,9349.049369999997,8764.395850000159
