,BarMovement,RSI,Choc,Supertrend,SqueezePro,KeltnerChannels,MACrossover,MACD,Stochastic,AlegAATr,PSAR,MACDKeyLevel,BeepBoop,BollingerBands,MACDStochastic
0,11301.91083999998,9453.344930000003,9750.822220000027,11286.22517000014,10000.0,10129.229999999998,9153.042980000015,9725.53672,9970.418480000024,10096.164900000005,10195.025359999989,8744.48139,7937.212540000422,10653.492900000008,9994.774990000018
