,AlegAATr,Stochastic,MACD,MACDStochastic,BollingerBands,Lstm,BeepBoop,Ensemble,PSAR,MACDKeyLevel,LstmMixture,RandomForest,MLP,KeltnerChannels,MACrossover,CNN,Choc,Supertrend,EEE,RSI,BarMovement,UCB,SqueezePro,EXP3,KNN
0,10000.0,8746.22023000023,9536.692,9752.157720000003,9253.852859999988,3682.7186000000843,11136.259060000011,8513.137018809542,6796.940570000165,8807.175130000058,9433.134900000052,10263.803794285715,9861.751359999993,9148.510990000108,10240.22160000001,596.7622600000707,10490.47931999999,7955.977820000047,9137.681330000027,9515.53336,6609.816800000092,9488.718839999994,9824.137069999997,9658.77803000002,10000.0
