,MACDKeyLevel,KeltnerChannels,MACDStochastic,RandomForest,KNN,Lstm,UCB,AlegAATr,Choc,MACrossover,CNN,Stochastic,EEE,BarMovement,RSI,SqueezePro,BeepBoop,BollingerBands,Supertrend,EXP3,Ensemble,MACD,PSAR,MLP,LstmMixture
0,9983.790029999993,9677.087897142865,9914.718912142871,11021.473979999992,10011.236991428572,10450.776120000008,9715.438529285737,9703.256080000021,10441.15434000004,9198.24572,10941.931060000192,3529.0414600000004,8464.551322857134,8520.234879285741,9726.346150000005,10658.621044285745,9619.425050000009,6345.20152000028,3598.695300000016,11268.290335000023,10148.834234285769,8869.071699999995,7639.960239999993,8411.163880000004,126.11506000001012
