,SqueezePro,EXP3,UCB,Supertrend,Choc,EEE,BarMovement,RSI,MACrossover,KeltnerChannels,MACDKeyLevel,PSAR,BollingerBands,MACDStochastic,BeepBoop,Ensemble,Stochastic,MACD,AlegAATr
0,9769.110760000012,8396.142641428665,10859.971377857146,6976.9790600004835,9205.030310000113,9602.99324000017,11003.78234000006,10000.0,10000.0,9103.550224999988,9965.44754000005,4988.211040000851,10000.0,9876.741802857148,7544.723620000149,9658.337120000002,10957.004980000009,7064.057780000113,10000.0
