,SqueezePro,UCB,Choc,KeltnerChannels,BollingerBands,EXP3,RSI,PSAR,MACDStochastic,BeepBoop,Lstm,BarMovement,RandomForest,MLP,EEE,LstmMixture,Stochastic,Supertrend,CNN,KNN,MACrossover,Ensemble,AlegAATr,MACD,MACDKeyLevel
0,10000.0,9943.976030000018,9750.822220000027,10129.229999999998,10632.043800000009,8991.925950000075,9449.55423,10239.66755999999,9993.75428000002,7932.974360000416,10000.0,11249.064259999985,6032.089010000362,4767.100790001642,7664.540450000016,8650.639900000002,9968.69827000002,11288.301320000139,10000.0,10000.0,9155.775660000018,10189.818170000028,9973.412110000016,9725.53672,8753.581730000002
