,PSAR,UCB,RSI,MLP,EXP3,SqueezePro,EEE,BollingerBands,Choc,Lstm,BeepBoop,MACDStochastic,Stochastic,KeltnerChannels,RandomForest,LstmMixture,Supertrend,AlegAATr,Ensemble,KNN,CNN,MACrossover,MACD,MACDKeyLevel,BarMovement
0,6932.63513000014,9901.438550000003,10000.0,3135.1152000004454,9052.3691771429,10243.300289999994,10702.615824285698,10000.0,9778.220000000005,10305.19544,6202.60042000022,10014.077620000005,10000.0,9664.084786428582,10000.0,5555.965660000035,11410.188660000007,9907.137250000002,9139.070720000123,5121.445720000126,10000.0,8630.7317,9771.703599999999,9490.00876000001,10756.246397142844
