,AlegAATr,Stochastic,MACD,MACDStochastic,BollingerBands,BeepBoop,Ensemble,PSAR,MACDKeyLevel,KeltnerChannels,MACrossover,Choc,Supertrend,EEE,RSI,BarMovement,UCB,SqueezePro,EXP3
0,10625.558104285703,10000.0,9520.985999999999,9691.034190000008,9706.97003,7445.0396100003145,6399.836900000111,5606.555050000184,9240.685030000002,10130.344208571454,9725.396,10000.0,9511.42674,9531.82304285714,10000.0,8667.182074285718,10625.558104285703,10036.656400000002,9322.049404285726
