,MACDStochastic,BeepBoop,MACDKeyLevel,PSAR,AlegAATr,Stochastic,MACD,SqueezePro,EXP3,Supertrend,Choc,BarMovement,UCB,MACrossover,KeltnerChannels
0,9153.968120000025,8121.816759999999,9589.557659999997,15394.49641999999,13428.088320000037,9667.666599999993,9377.925399999991,9855.467920000003,9366.986569999995,11551.974149999995,9423.041769999993,13853.576500000048,9606.516420000034,9349.539349999997,8761.683260000162
