,KeltnerChannels,MACrossover,UCB,Choc,Supertrend,EEE,RSI,BarMovement,SqueezePro,EXP3,Stochastic,MACD,AlegAATr,PSAR,MACDKeyLevel,MACDStochastic,BollingerBands,BeepBoop,Ensemble
0,7990.472159999987,8768.139980000005,12069.219592857176,10279.59852,9498.837800000018,8851.79940571428,10328.362145,10388.647242857152,10032.409699999991,9212.792993571438,10614.457569999984,9821.866100000005,10000.0,11436.62564000001,9714.93,8743.436619999993,14000.2099,9105.031620000016,6969.577900000011
