,MACD,KeltnerChannels,KNN,MACrossover,MLP,EEE,SqueezePro,Ensemble,Stochastic,AlegAATr,RSI,UCB,MACDStochastic,BeepBoop,PSAR,Choc,Lstm,BollingerBands,CNN,Supertrend,MACDKeyLevel,RandomForest,EXP3,BarMovement,LstmMixture
0,10000.0,8779.720399999997,10703.274190000018,10170.288770000021,9679.516341428562,14609.12137000005,10000.0,11528.116980000046,9172.56098,10042.76996,10000.0,9812.699280000006,10000.0,12122.219440000048,6679.718440000012,7416.876919999998,10756.109040000001,11546.841920000017,10000.0,9308.860100000009,8825.70215000001,7621.017679999997,10000.0,10111.90143,10000.0
