,MACrossover,KeltnerChannels,SqueezePro,EXP3,UCB,Supertrend,Choc,EEE,RSI,BarMovement,MACDKeyLevel,PSAR,MACDStochastic,BollingerBands,BeepBoop,Ensemble,Stochastic,MACD,AlegAATr
0,9813.840400000005,9992.541350000001,10248.17499999999,8810.119239999993,9911.756131428561,8094.287519999999,10000.0,10000.0,10567.431960000027,10135.778518571416,8916.859190000088,10000.0,10010.055350000102,8927.227599999998,7357.194420000003,10000.0,11193.67732000001,9816.457140000002,10000.0
