,MLP,MACDKeyLevel,EXP3,MACDStochastic,Stochastic,BeepBoop,AlegAATr,RandomForest,PSAR,Supertrend,RSI,KNN,UCB,MACD,MACrossover,CNN,BollingerBands,EEE,LstmMixture,Lstm,Choc,KeltnerChannels,SqueezePro,Ensemble,BarMovement
0,10000.0,8139.874539999997,10099.643830000003,9788.275370000043,9635.959,6441.197339999997,10000.0,10000.0,9654.02240999999,9859.240420000066,10000.0,8203.349500000002,10000.0,9309.204570000004,11089.517800000032,10000.0,7400.804920000017,10000.0,10204.1752,9782.354294285718,8917.317759999998,10000.0,9165.729470000017,10269.750160000005,10000.0
