,CNN,KNN,SqueezePro,MACD,MACrossover,LstmMixture,AlegAATr,Supertrend,MACDStochastic,Ensemble,UCB,Choc,BarMovement,Stochastic,PSAR,BollingerBands,RandomForest,EEE,MACDKeyLevel,EXP3,RSI,MLP,KeltnerChannels,Lstm,BeepBoop
0,10000.0,3103.8696000006635,10000.0,11518.460525714292,7228.251860000015,10000.0,10000.0,10192.945710000016,10469.80139000002,9233.473960000018,9159.476205714298,9471.82572,9367.655865714307,5823.417719999992,9279.053809999992,11597.459250000013,10000.0,10000.0,8639.559757142883,10000.0,9678.570619999995,11015.109420000053,10340.52624,10000.0,9640.43730000005
