,MLP,RandomForest,LstmMixture,AlegAATr,MACD,Stochastic,BeepBoop,Ensemble,Lstm,MACDStochastic,BollingerBands,MACDKeyLevel,PSAR,RSI,BarMovement,Choc,Supertrend,EEE,UCB,EXP3,SqueezePro,KNN,MACrossover,KeltnerChannels,CNN
0,9538.78390285715,10000.0,9588.19799,10441.724370000047,10129.314919999997,8322.045420000002,8095.174859999998,9694.000189999988,10000.0,10000.0,9995.096519999996,7419.2852200000025,10000.0,10000.0,9660.25723000003,9150.4476,9754.777830000032,7534.5342300000075,8799.139170000002,7905.625560000015,9233.433200000027,9970.674880000246,10239.817320000016,9205.64406,10000.0
