,MACDKeyLevel,Stochastic,MACD,SqueezePro,Choc,KeltnerChannels,PSAR,RSI,MACDStochastic,BeepBoop,Supertrend,MACrossover,AlegAATr,BarMovement,BollingerBands
0,8622.60997999999,3359.325819999993,6563.503940000059,10325.904500000017,10986.888579999984,9408.034355714493,9707.345949999986,10003.910220000014,8368.458410000005,11818.531290000094,8811.031559999994,7834.300410000009,7828.6599157143655,9492.270700000012,9031.746080000003
