,AlegAATr,Stochastic,MACD,BollingerBands,MACDStochastic,PSAR,MACDKeyLevel,Choc,Supertrend,BarMovement,UCB,SqueezePro,KeltnerChannels,MACrossover
0,7799.683570000016,12114.371300000028,12078.915280000136,11693.6538200008,9927.343600000011,10088.839310000016,9838.59112,8695.778520000018,10114.736,8130.8953399999955,9075.80378000001,10395.957930000026,6820.567600000004,9200.715999999991
