,BollingerBands,MACDStochastic,BeepBoop,Ensemble,MACDKeyLevel,PSAR,AlegAATr,Stochastic,MACD,SqueezePro,EXP3,Supertrend,Choc,EEE,BarMovement,RSI,UCB,MACrossover,KeltnerChannels
0,10000.0,9153.968120000025,8124.748799999998,8980.427969999962,9592.288309999996,15419.715299999998,10000.0,9683.794899999992,9385.245719999988,9855.467920000003,13866.747160000023,11554.552849999991,9423.041769999993,10688.26985999999,13868.528990000043,10000.0,9615.73574000003,9348.559389999997,8762.447490000162
