,MACDStochastic,PSAR,RSI,BeepBoop,MACrossover,AlegAATr,Supertrend,BarMovement,BollingerBands,MACDKeyLevel,EEE,EXP3,Stochastic,MACD,KeltnerChannels,UCB,SqueezePro,Ensemble,Choc
0,10532.992145714323,10555.83915000003,10000.0,10390.18215,6969.983900000044,9462.231088571441,8675.35914,9636.538889999996,8919.106268571462,10007.671412142872,9420.881564285715,9842.129864285725,8877.036008571478,9779.809030000002,9133.287321428597,9440.432120000014,8376.191030000344,9818.30119,11067.962040000046
