,MACrossover,EEE,UCB,AlegAATr,MACDKeyLevel,Stochastic,CNN,MACD,RandomForest,BeepBoop,RSI,LstmMixture,EXP3,BarMovement,KeltnerChannels,Ensemble,MACDStochastic,BollingerBands,Choc,PSAR,Lstm,SqueezePro,Supertrend,KNN,MLP
0,11306.870659999973,10989.307030000005,10214.7718,10213.19438,10100.948963571434,10038.42475714286,10000.0,10000.0,10000.0,10000.0,10000.0,10000.0,9729.563012857143,9714.12832,9645.740829285722,9349.006062499977,9326.79710142855,9260.731538571594,8800.944240000008,8364.373450000076,7534.052242142995,7415.43170000052,7199.62596,3423.3432400008005,1851.2578000000024
