,MACrossover,KeltnerChannels,UCB,Choc,Supertrend,EEE,BarMovement,RSI,SqueezePro,EXP3,Stochastic,MACD,AlegAATr,MACDKeyLevel,PSAR,BollingerBands,MACDStochastic,BeepBoop,Ensemble
0,7228.251860000015,10340.52624,9159.476205714298,9471.82572,10192.945710000016,10000.0,9367.655865714307,9678.570619999995,10000.0,10000.0,5823.417719999992,11518.460525714292,10000.0,8639.559757142883,9279.053809999992,11597.459250000013,10469.80139000002,9640.43730000005,9233.473960000018
