,MACrossover,MACDStochastic,RandomForest,EEE,Supertrend,RSI,UCB,EXP3,MACDKeyLevel,BeepBoop,AlegAATr,BollingerBands,BarMovement,Stochastic,Lstm,PSAR,SqueezePro,MACD,Choc,LstmMixture,MLP,Ensemble,KeltnerChannels,KNN,CNN
0,8768.139980000005,8743.436619999993,10000.0,8851.79940571428,9498.837800000018,10328.362145,12069.219592857176,9212.792993571438,9714.93,9105.031620000016,10000.0,14000.2099,10388.647242857152,10614.457569999984,10000.0,11436.62564000001,10032.409699999991,9821.866100000005,10279.59852,9904.917470000006,9514.740119999999,6969.577900000011,7990.472159999987,11078.667925714271,15753.212230000003
