,UCB,Choc,Supertrend,EEE,RSI,BarMovement,KNN,SqueezePro,EXP3,MACrossover,KeltnerChannels,CNN,RandomForest,LstmMixture,MLP,Stochastic,MACD,AlegAATr,MACDKeyLevel,PSAR,Lstm,MACDStochastic,BollingerBands,BeepBoop,Ensemble
0,10189.9372,10240.22882,9257.4044,8254.209270000014,10000.0,10337.18424,10931.549300000064,8425.20263999999,6816.762389999997,7075.437759999986,5948.087450000044,7434.291799999997,8326.663819999996,5782.196519999995,9816.25612428575,8184.772739999978,10669.229859999994,6257.506026071416,10084.730900000008,9518.484,7586.462519999998,10052.630920000029,8975.085950000002,6886.773919999996,10251.944160000005
