,MACrossover,KeltnerChannels,SqueezePro,Supertrend,RSI,BarMovement,MACDKeyLevel,MACDStochastic,BollingerBands,BeepBoop,Stochastic,MACD,AlegAATr
0,9813.840400000005,9981.77797,10248.17499999999,8093.100199999997,10556.524100000028,10133.515962857135,8917.680020000087,10011.788200000103,8939.668240000005,7355.801140000005,11197.536300000007,9815.996350000003,11645.717421428568
