,BarMovement,BollingerBands,MACrossover,AlegAATr,Supertrend,BeepBoop,MACDStochastic,RSI,KeltnerChannels,SqueezePro,Choc,Stochastic,MACD,MACDKeyLevel
0,12509.40314,8999.363280000001,12901.960060000005,12633.333464000028,12320.398608000021,8594.557900000029,4914.606240000069,10000.0,4414.152630000008,9191.74976,10000.0,10840.915160000011,10000.0,9817.547108571429
