,BeepBoop,MACDStochastic,PSAR,RSI,BarMovement,BollingerBands,MACrossover,AlegAATr,Supertrend,EEE,MACDKeyLevel,KeltnerChannels,UCB,SqueezePro,Choc,EXP3,Stochastic,MACD
0,9903.582114285748,11950.956360000004,6931.488720000023,10358.307999999995,6927.278299999978,6645.779620000051,10591.780299999964,7606.228980000039,8912.270919999999,9362.059921428574,9603.427579999949,9471.796789999999,10380.167024285729,8666.051060000002,10550.322222857132,10218.699100000025,9283.095517142869,9325.723220000042
