,MACDStochastic,PSAR,RSI,BeepBoop,MACrossover,AlegAATr,Supertrend,BarMovement,BollingerBands,MACDKeyLevel,EEE,EXP3,Stochastic,MACD,KeltnerChannels,UCB,SqueezePro,Choc
0,10542.959454285752,10543.777180000032,10000.0,10389.19263,6972.078280000043,9424.731802857155,8672.123099999995,9636.518339999995,8932.058038571462,10007.7929957143,9420.881564285715,9842.129864285725,8892.600410000048,9779.809030000002,9131.809289285738,9440.432120000014,8373.332000000346,11073.326480000049
