,MACrossover,KeltnerChannels,CNN,UCB,Choc,Supertrend,EEE,BarMovement,RSI,KNN,SqueezePro,EXP3,Stochastic,MACD,AlegAATr,MACDKeyLevel,PSAR,Lstm,BollingerBands,MACDStochastic,BeepBoop,Ensemble,RandomForest,LstmMixture,MLP
0,7207.845920000015,10334.79949,10000.0,9165.855432857154,9466.331199999999,10192.086560000022,10000.0,9365.256315714309,9678.658239999993,3103.8696000006635,10000.0,10000.0,5822.586299999994,11518.460525714292,10000.0,8646.234698571454,9268.565319999992,10000.0,11600.907030000017,10468.80414000002,9678.591120000048,9232.518240000018,10000.0,10000.0,11015.109420000053
