,BeepBoop,MACDStochastic,PSAR,RSI,BarMovement,BollingerBands,MACrossover,AlegAATr,Supertrend,EEE,MACDKeyLevel,KeltnerChannels,UCB,SqueezePro,Ensemble,Choc,EXP3,Stochastic,MACD
0,9909.723421428604,11971.451880000002,6914.490150000024,10358.307999999995,6922.462479999982,6649.016360000046,10579.711859999963,10000.0,8901.752939999998,8765.262628571416,9603.514819999951,9467.563139999998,10384.284228571445,8680.796800000002,10926.24135714294,10549.881729999992,10530.895439999971,9282.575811428585,9323.718060000045
