,BarMovement,BollingerBands,MACrossover,Supertrend,BeepBoop,MACDStochastic,RSI,KeltnerChannels,UCB,SqueezePro,Choc,Stochastic,MACD,EEE,MACDKeyLevel
0,12509.40314,8999.363280000001,12901.960060000005,12320.398608000021,8594.557900000029,4914.606240000069,10000.0,4414.152630000008,10708.719040000022,9191.74976,10000.0,10840.915160000011,10000.0,14765.316040000038,9817.547108571429
