,MACD,Stochastic,AlegAATr,PSAR,MACDKeyLevel,BeepBoop,MACDStochastic,BollingerBands,UCB,RSI,BarMovement,Choc,Supertrend,EEE,EXP3,SqueezePro,KeltnerChannels,MACrossover
0,9167.969550000018,9234.471460000002,8851.953949999985,6665.449759999997,10156.321120000017,7641.679959999673,9108.053840000015,7586.0742100000125,9085.04856999999,10043.960949999991,8615.280069999888,10231.070849999998,9063.950519999991,8904.827829999982,10393.734729999982,10000.0,7935.548250000109,9791.0108
