,EXP3,RandomForest,CNN,KeltnerChannels,SqueezePro,RSI,MACDStochastic,EEE,MACDKeyLevel,BollingerBands,Supertrend,MLP,UCB,KNN,Ensemble,Lstm,BarMovement,MACD,MACrossover,AlegAATr,LstmMixture,BeepBoop,PSAR,Choc,Stochastic
0,9256.84159000002,10000.0,9545.547040000003,9673.225610000001,10592.578009999988,10000.0,8938.498120000071,8726.591990000032,9743.30824,7142.756350000318,10267.202200000002,10009.72484,8063.035090000012,9010.75510000001,9741.59036333342,7840.345620000022,8197.77748,7911.372879999975,9979.39034,8551.685240000003,8269.31854,9351.484605000005,7261.781650000018,9916.914820000002,10196.951830000055
