,BarMovement,BollingerBands,Supertrend,LstmMixture,MACrossover,AlegAATr,BeepBoop,MLP,PSAR,RSI,MACDStochastic,SqueezePro,Lstm,UCB,Choc,Ensemble,KeltnerChannels,Stochastic,RandomForest,EXP3,MACD,CNN,EEE,MACDKeyLevel,KNN
0,7471.090270000095,7507.207049999481,9441.84741,9774.350766428592,11371.68951999999,10083.4381671428,10088.853977142828,8377.87350000001,9470.80311000003,10000.0,10424.376949999987,10154.828619999998,9953.536879999983,13713.257704285696,11860.577599999984,9269.524230000005,9123.574719999999,8370.316460000027,8592.589259999995,10243.064455714226,10000.0,10000.0,10602.747229999966,8193.628845714253,9638.40552
