,RSI,BarMovement,Choc,Supertrend,EEE,UCB,EXP3,SqueezePro,KNN,KeltnerChannels,MACrossover,CNN,MLP,LstmMixture,RandomForest,AlegAATr,MACD,Stochastic,BeepBoop,Ensemble,MACDStochastic,BollingerBands,Lstm,PSAR,MACDKeyLevel
0,10000.0,10476.893460000003,9059.93571999997,10824.077740000728,5742.338670000122,9692.277529999994,10728.285470000803,9610.40175999999,12316.506160000004,9067.22358000001,8399.016899999993,17443.819959999673,10799.263129999994,3446.9179000000127,6988.697260000036,9680.48826,8636.106779999995,4937.681360000521,4843.355050000027,6428.904590000063,8248.824820000023,7895.312079999993,10132.0377,10000.0,10000.0
