,MACDKeyLevel,PSAR,BeepBoop,MACDStochastic,BollingerBands,MACD,AlegAATr,EXP3,SqueezePro,UCB,RSI,BarMovement,Supertrend,Choc,EEE,MACrossover,KeltnerChannels
0,9316.154040000003,7819.076110000004,10676.388200000001,9420.297519999998,8557.735119999945,9272.014520000032,12089.187800000022,12136.149580000007,10853.779299999997,12083.732880000023,8134.8593800000535,11071.8,11264.624280000004,10644.304,8794.387659999988,9137.363779999994,9610.096030000095
