,CNN,BollingerBands,KeltnerChannels,MACDStochastic,Choc,MACD,MACrossover,MACDKeyLevel,EEE,UCB,EXP3,BarMovement,Lstm,KNN,RSI,PSAR,LstmMixture,RandomForest,MLP,Ensemble,Supertrend,Stochastic,AlegAATr,BeepBoop,SqueezePro
0,17443.819959999673,7893.01323999999,9063.947760000006,8254.176220000023,9057.343839999972,8621.140179999999,8407.65999999999,10000.0,9779.95904,9734.376459999996,10653.359010000817,10538.016020000003,10132.0377,12316.506160000004,10000.0,10000.0,3446.9179000000127,6988.697260000036,10799.263129999994,6422.368550000052,10833.300010000714,4928.556760000518,9719.149269999994,4846.501670000026,9610.40175999999
