,KNN,Stochastic,EEE,LstmMixture,KeltnerChannels,UCB,AlegAATr,MACDKeyLevel,Ensemble,MACrossover,RSI,RandomForest,Lstm,CNN,PSAR,MACDStochastic,SqueezePro,EXP3,Choc,Supertrend,MACD,BeepBoop,MLP,BarMovement,BollingerBands
0,16849.1486200003,14943.767179999599,12242.756189999733,11310.755734285729,11010.73152,10986.196494999991,10982.051249999993,10942.834000000046,10198.630640714253,10119.407140000003,10000.0,10000.0,10000.0,10000.0,9966.945419999978,9816.827370000003,9683.910949999998,9496.260389999994,8920.398145714264,8841.589285000047,8813.657579999996,8651.020329999998,8005.607856428572,7838.042060000002,7707.735610000001
