,PSAR,MACDKeyLevel,BollingerBands,MACDStochastic,BeepBoop,Stochastic,MACD,AlegAATr,EXP3,UCB,Supertrend,Choc,BarMovement,KeltnerChannels,MACrossover
0,10640.456300000027,8191.0877599999985,11228.73254,8412.278160000002,6438.254139999983,6153.558319999997,9952.766099999997,9775.878319999978,8012.96271999998,10137.207860000004,7789.102120000086,10534.011039999994,9377.03412,11082.568000000001,10316.88284
