,KeltnerChannels,Choc,SqueezePro,UCB,MACD,EXP3,Stochastic,EEE,MACDKeyLevel,BollingerBands,BarMovement,AlegAATr,MACrossover,Supertrend,BeepBoop,MACDStochastic,PSAR
0,11633.271539998976,12082.294480000004,11059.716119999879,9367.912879999942,8464.58046,7956.673420000002,6506.432429996623,7207.360339999855,9222.603520000002,9957.30893999806,12719.416600000332,12876.908189999956,9517.367259999999,5677.397809999988,4830.162900000121,6169.262240000885,9767.75188000001
