,MACDKeyLevel,PSAR,MACDStochastic,BollingerBands,BeepBoop,Ensemble,Stochastic,MACD,AlegAATr,SqueezePro,EXP3,UCB,Supertrend,Choc,EEE,RSI,BarMovement,MACrossover,KeltnerChannels
0,9789.573820000114,10000.0,9715.756000000016,8168.235579999992,9428.46176,9007.909619999982,14224.34566000001,10000.0,9456.749699999991,9427.834239999991,10384.374910000011,9431.031539999989,6196.336489999973,11378.188439999998,9635.7469,7292.248579999954,6433.672340000019,10164.759259999999,11331.72548000003
