,SqueezePro,EXP3,Supertrend,Choc,EEE,RSI,BarMovement,UCB,MACrossover,KeltnerChannels,MACDStochastic,BollingerBands,BeepBoop,Ensemble,MACDKeyLevel,PSAR,AlegAATr,Stochastic,MACD
0,10000.0,9113.016289999996,9731.166130000003,9778.525000000001,8158.329209999983,10000.0,8846.13442,10296.360939999995,9629.420880000007,10190.918039999993,10360.394919999999,7848.983159999994,7123.279489999913,7892.787242833335,10535.93640000001,9428.07182,10765.119891428585,10014.579400000142,9378.437260000022
