,RSI,BarMovement,Choc,Supertrend,UCB,SqueezePro,KeltnerChannels,MACrossover,AlegAATr,MACD,Stochastic,BeepBoop,MACDStochastic,BollingerBands,MACDKeyLevel
0,10000.0,10538.434520000006,9056.159539999973,10832.21117000071,9692.634139999995,9606.578199999989,9066.24772000001,8412.522319999991,5628.991390000017,8622.650069999996,4930.108960000519,4843.188840000028,8251.607820000025,7904.428199999992,10000.0
