,Stochastic,MACD,KeltnerChannels,SqueezePro,UCB,Choc,MACDKeyLevel,MACrossover,AlegAATr,Supertrend,BarMovement,BollingerBands,MACDStochastic,PSAR,RSI,BeepBoop
0,9848.432130000017,9774.378769999996,9660.640779999972,9566.121599999977,10699.365410000022,9836.06968000003,10169.284060000064,9117.19737999996,9370.946576666665,6687.761860000017,9790.29109999999,8852.64149999999,5831.782479999975,8148.430149999987,9894.02923,6145.602350000024
