,MACD,BollingerBands,MACDKeyLevel,UCB,LstmMixture,KeltnerChannels,AlegAATr,Stochastic,Ensemble,Lstm,KNN,MLP,EEE,Choc,Supertrend,CNN,RandomForest,PSAR,BeepBoop,SqueezePro,EXP3,MACrossover,MACDStochastic,BarMovement,RSI
0,9410.675980000022,7850.163939999989,10538.05022000001,10302.010659999994,10000.0,10186.562439999989,10304.431339999994,10017.701100000153,7891.930570666674,10113.2221,10000.0,9744.98729,9511.345959999995,9778.525000000001,9730.256230000003,6178.153640000114,8474.916960000002,9451.029339999997,7124.879409999913,10000.0,10068.623559999989,9629.425830000007,10367.50492,8846.996140000001,10000.0
