,RSI,PSAR,MACDStochastic,BeepBoop,Supertrend,AlegAATr,MACrossover,BollingerBands,BarMovement,MACDKeyLevel,EEE,MACD,EXP3,Stochastic,Choc,Ensemble,SqueezePro,UCB,KeltnerChannels
0,10000.0,7277.604050000022,8942.30969000007,9353.881720000005,10241.841559999999,10000.0,9978.737440000008,7149.945100000329,8202.124429999994,9741.07992,9549.888730000006,7907.691799999974,9875.787965000025,10175.962910000051,9920.285880000009,9736.59413000008,10588.795149999989,8068.89861000001,9680.496760000007
