,MACD,Stochastic,AlegAATr,MACDKeyLevel,PSAR,BeepBoop,Ensemble,MACDStochastic,BollingerBands,MACrossover,KeltnerChannels,UCB,RSI,BarMovement,Choc,Supertrend,EEE,EXP3,SqueezePro
0,9943.494569999997,10101.453590000016,10000.0,9852.005740000006,7375.91779999989,5730.175660000041,10496.28743999999,7670.3985000001,10213.843399999922,9564.65416,8986.080980000055,9268.096540000004,10000.0,15092.379599999942,10068.91066,10341.553469999986,9065.465749999927,10000.0,9721.282600000002
