,MACDKeyLevel,PSAR,MACDStochastic,BollingerBands,BeepBoop,Ensemble,Stochastic,MACD,AlegAATr,SqueezePro,EXP3,UCB,Supertrend,Choc,EEE,RSI,BarMovement,MACrossover,KeltnerChannels
0,13518.09008,3529.300259999946,9625.096980000002,10552.749220000042,9522.36686,10884.787935714307,5745.4136599999965,10905.261799999935,13325.432780000026,8428.599039999976,14354.404530000047,6593.048289999964,18165.847179999997,11958.733159999996,7544.56377,7700.313359999975,7579.062079999917,8426.205219999967,9273.519140000042
