,Supertrend,LstmMixture,MACrossover,AlegAATr,BarMovement,BollingerBands,PSAR,RSI,MACDStochastic,BeepBoop,MLP,Stochastic,RandomForest,EXP3,MACD,Lstm,SqueezePro,UCB,Choc,Ensemble,KeltnerChannels,MACDKeyLevel,KNN,CNN,EEE
0,14505.352919999996,3535.8780300000217,9726.52080000009,11629.15889,3089.2139399989546,11371.126499999997,10592.83850000003,14107.700190000041,9206.061750000204,9296.104030000002,7721.468149999992,9348.083209999988,12242.30793000002,10000.0,9234.635799999998,10946.317937142829,9720.497999999996,10254.291410000042,10049.59143000006,11578.492870000122,10023.117370000002,8540.949359999966,10000.0,1031.1513999997965,13182.244659999944
