,MACDKeyLevel,EEE,MACD,Stochastic,EXP3,KeltnerChannels,Choc,SqueezePro,UCB,MACDStochastic,RSI,BeepBoop,AlegAATr,MACrossover,Supertrend,BollingerBands,BarMovement
0,10602.071540000004,8850.144290000022,8454.144339999997,10058.202840000002,7452.117190000047,9443.921538571441,9494.938600000009,9703.434879999979,9072.80636714287,10884.206239999996,10744.3773,11134.630860001136,10948.573517023848,8958.889920000029,7502.245220000036,5849.835810000085,9963.20666000002
