,KeltnerChannels,SqueezePro,UCB,Choc,EXP3,Stochastic,MACD,EEE,MACDKeyLevel,BarMovement,BollingerBands,MACrossover,AlegAATr,Supertrend,BeepBoop,MACDStochastic,RSI
0,11895.739320000172,10564.6239,9611.514875714296,9566.595891428566,6850.282119999984,10450.618290000004,10646.48394000003,9691.44106000007,10388.194530000006,7557.701239999998,12435.503569999997,8414.540360000003,9858.124899999997,5868.348360000014,4883.936879999992,9624.25532,9955.3228
