,KeltnerChannels,MACrossover,BarMovement,RSI,Choc,Supertrend,EEE,UCB,EXP3,SqueezePro,AlegAATr,MACD,Stochastic,BeepBoop,Ensemble,BollingerBands,MACDStochastic,PSAR,MACDKeyLevel
0,8952.140800000014,8440.136659999964,3452.9358999999968,9956.533639999998,10928.062,9644.38676,10054.80218,10194.27090000001,8025.434860000012,10000.0,10198.845000000007,9563.149899999995,9811.683910000005,11597.156579999992,8220.81182000002,9032.94942,9165.716399999941,7615.9005699999825,10000.0
