,KeltnerChannels,Choc,Ensemble,SqueezePro,Lstm,UCB,MACD,EXP3,Stochastic,RandomForest,EEE,CNN,KNN,MACDKeyLevel,BollingerBands,BarMovement,AlegAATr,MACrossover,LstmMixture,Supertrend,MLP,BeepBoop,MACDStochastic,RSI,PSAR
0,11631.553919998983,12081.721220000001,5229.489780000114,11050.666789999883,11179.497100000002,9367.079519999945,8447.47934,7689.434119999958,6531.292649996631,1052.5479800000955,7410.32325999992,7433.405239999992,6439.287480000026,9233.8595,9951.751369998046,12705.37790000034,10323.982429999836,9534.26546,7797.270959999992,5668.255539999981,4292.245680000006,4835.219980000128,6170.857740000887,10000.0,9743.66725
