,MACDKeyLevel,PSAR,BeepBoop,MACDStochastic,BollingerBands,MACD,AlegAATr,SqueezePro,RSI,BarMovement,Supertrend,Choc,MACrossover,KeltnerChannels
0,9316.154040000003,7819.076110000004,10676.388200000001,9420.297519999998,8557.735119999945,9272.014520000032,9354.85213,10853.779299999997,8134.8593800000535,11071.8,11264.624280000004,10644.304,9137.363779999994,9610.096030000095
