,CNN,Choc,MACD,MACDKeyLevel,UCB,MACrossover,BollingerBands,Ensemble,PSAR,SqueezePro,EEE,RSI,Stochastic,MACDStochastic,MLP,KeltnerChannels,KNN,RandomForest,Supertrend,AlegAATr,EXP3,BarMovement,Lstm,LstmMixture,BeepBoop
0,6390.90262,10269.663999999984,10293.418220000001,6312.656940000128,9840.938499999993,8390.677300000003,9152.042700000007,4497.477650000251,9280.400269999975,10037.070240000068,9773.249770000071,9374.395470000216,10086.804779999999,13709.820079999932,10000.0,8376.642000000018,2661.7331400001035,10000.0,10360.30582,9841.940259999994,9147.954980000044,10053.187960000105,9968.08026,10000.0,8519.580440000007
