,EEE,BollingerBands,BarMovement,KeltnerChannels,Supertrend,MACD,RandomForest,MLP,UCB,Choc,PSAR,BeepBoop,AlegAATr,KNN,SqueezePro,Ensemble,MACrossover,EXP3,RSI,MACDKeyLevel,Stochastic,LstmMixture,MACDStochastic,Lstm,CNN
0,8843.037229999984,8951.213210000025,9149.346059999998,9490.655579999977,10729.418460000075,13568.248119999933,10000.0,9094.555170000029,8470.792149999988,10988.691277142862,10849.283030000006,11376.444699999991,8478.691809999991,2381.7209400000334,9965.563960000005,10442.934665714276,10107.51945000002,8916.453950000003,10000.0,9644.540479999965,8303.726529999034,9998.764392857156,9650.92337999999,10000.0,10000.0
