,RSI,BarMovement,Choc,Supertrend,EEE,UCB,EXP3,SqueezePro,KeltnerChannels,MACrossover,AlegAATr,MACD,Stochastic,BeepBoop,Ensemble,MACDStochastic,BollingerBands,PSAR,MACDKeyLevel
0,10000.0,10476.893460000003,9059.93571999997,10824.077740000728,5742.338670000122,9692.277529999994,10728.285470000803,9610.40175999999,9067.22358000001,8399.016899999993,9680.48826,8636.106779999995,4937.681360000521,4843.355050000027,6428.904590000063,8248.824820000023,7895.312079999993,10000.0,10000.0
