,MLP,RandomForest,LstmMixture,MACDKeyLevel,PSAR,BeepBoop,Ensemble,Lstm,MACDStochastic,BollingerBands,MACD,Stochastic,AlegAATr,KNN,EXP3,SqueezePro,UCB,RSI,BarMovement,Supertrend,Choc,EEE,CNN,MACrossover,KeltnerChannels
0,7944.319779999999,10000.0,9283.687749999992,9317.023150000005,7823.135570000006,10721.653400000001,10231.963289999967,8948.96419,9445.579100000003,8549.94443999995,9247.97444000003,10000.0,11071.8,6345.368629999997,10798.05128,10853.779299999997,12064.582270000023,8133.103020000055,11071.8,11260.093160000006,10645.62828,10059.064510000002,7719.133340000004,9125.418599999995,9611.399990000094
