,MACDKeyLevel,PSAR,BeepBoop,BollingerBands,MACDStochastic,MACD,Stochastic,AlegAATr,MACrossover,KeltnerChannels,EXP3,SqueezePro,UCB,BarMovement,RSI,Supertrend,Choc,EEE
0,6909.253479999999,10217.368989999992,4877.796809999978,10848.006159999995,9738.197700000039,6722.9748199999985,9945.709099999998,9465.911549999993,10668.331500000002,9250.523999999989,11749.012469999987,9133.209120000005,9465.911549999993,13235.18230000007,13285.929310000382,10460.379800000004,10231.493999999986,10076.532939999977
