,Stochastic,MACD,AlegAATr,PSAR,MACDKeyLevel,BollingerBands,MACDStochastic,BeepBoop,Ensemble,KeltnerChannels,MACrossover,UCB,Choc,Supertrend,EEE,BarMovement,RSI,SqueezePro,EXP3
0,10000.0,10845.758160000025,11093.094149999992,7377.233099999999,10885.296299999969,8268.549619999993,10601.174980000027,4133.318469999007,9236.792210000134,9365.466859999928,10914.550920000003,11023.374309999976,8886.11302000001,8796.63952,6135.246049999963,8421.972620000119,8040.922679999915,9403.187240000001,9742.864709999976
