,MACD,Stochastic,AlegAATr,MACDKeyLevel,PSAR,BeepBoop,MACDStochastic,BollingerBands,MACrossover,KeltnerChannels,UCB,BarMovement,Choc,Supertrend,EEE,SqueezePro
0,9950.520259999998,10101.478990000016,9218.017929999996,9850.249820000003,7371.034949999884,5735.413640000056,7671.3351100001,10209.473959999923,9562.9606,8995.16087000005,9266.960520000002,15048.383119999944,10068.3885,10374.640429999992,12441.419820000001,9734.146480000001
