,RSI,BarMovement,Choc,Supertrend,EEE,UCB,EXP3,SqueezePro,KeltnerChannels,MACrossover,AlegAATr,MACD,Stochastic,BeepBoop,Ensemble,MACDStochastic,BollingerBands,PSAR,MACDKeyLevel
0,22486.746839999993,17389.25156000031,10760.312440000002,9325.787140000006,11980.198069999993,11160.967909999985,11981.18783,11177.358479999994,10573.737799999957,10597.559169999999,11140.999529999985,10000.0,11433.709999999988,11012.12675,13772.441759999929,10000.0,8665.059559999996,10000.0,10359.004739999998
