,Stochastic,RandomForest,BarMovement,PSAR,CNN,LstmMixture,AlegAATr,Choc,MLP,UCB,SqueezePro,Supertrend,RSI,EXP3,KeltnerChannels,BeepBoop,Ensemble,Lstm,EEE,MACrossover,KNN,MACDKeyLevel,MACD,MACDStochastic,BollingerBands
0,9823.174220000015,8239.855910000006,9824.829439999996,8164.0356499999925,10000.0,9334.883679999999,10011.494540000012,9839.012380000027,9467.613840000004,10684.12554000002,9569.217659999978,6678.523540000012,9896.853050000002,4844.9151200000115,9671.999439999972,6128.09413000002,10681.757350000005,8880.090064999982,6536.763520000025,9128.832419999946,7738.243179999998,10169.44125000006,9772.487369999999,5887.661739999984,8788.022499999981
