,BollingerBands,PSAR,SqueezePro,Lstm,EEE,UCB,Supertrend,AlegAATr,BeepBoop,BarMovement,CNN,Choc,MACDKeyLevel,EXP3,KNN,Ensemble,LstmMixture,MACrossover,Stochastic,MLP,MACDStochastic,RandomForest,KeltnerChannels,RSI,MACD
0,8268.549619999993,7377.233099999999,9403.187240000001,14538.743240000002,6135.246049999963,11023.374309999976,8796.63952,11093.094149999992,4133.318469999007,8421.972620000119,10186.909267142868,8886.11302000001,10885.296299999969,9742.864709999976,10000.0,9236.792210000134,10000.0,10914.550920000003,10000.0,8483.736540000013,10601.174980000027,9077.102999999996,9365.466859999928,8040.922679999915,10845.758160000025
