,Stochastic,Choc,KeltnerChannels,EXP3,MACrossover,RandomForest,LstmMixture,PSAR,Lstm,MACD,CNN,MACDKeyLevel,MACDStochastic,EEE,AlegAATr,UCB,BeepBoop,SqueezePro,MLP,Ensemble,BollingerBands,RSI,BarMovement,Supertrend,KNN
0,14224.34566000001,11378.188439999998,11331.72548000003,10384.374910000011,10164.759259999999,10000.0,10000.0,10000.0,10000.0,10000.0,10000.0,9789.573820000114,9715.756000000016,9635.7469,9456.749699999991,9431.031539999989,9428.46176,9427.834239999991,9288.12293,9007.909619999982,8168.235579999992,7292.248579999954,6433.672340000019,6196.336489999973,1237.7131600002047
