,MACrossover,KeltnerChannels,EXP3,SqueezePro,BarMovement,RSI,Supertrend,Choc,EEE,UCB,BeepBoop,Ensemble,BollingerBands,MACDStochastic,MACDKeyLevel,PSAR,AlegAATr,MACD,Stochastic
0,9429.14008,8552.61872,10677.393129999999,9767.674179999998,8132.850520000021,10000.0,12979.157719999988,9269.124920000002,9465.761040000001,11330.136909999996,10068.65538,5882.209440000019,8669.515720000069,7406.047609999995,10170.277999999973,15464.687700000022,10155.058160000002,9887.884780000002,9124.978009999988
