,KeltnerChannels,MACrossover,BarMovement,RSI,Choc,Supertrend,UCB,EXP3,AlegAATr,MACD,Stochastic,BeepBoop,BollingerBands,MACDStochastic,PSAR
0,8950.189000000013,8440.174479999963,3480.4666199999892,9956.533639999998,10961.8496,9631.99636,10200.632860000007,8822.451880000019,10924.696690000019,9563.149899999995,9810.790580000006,11606.671359999988,9029.438699999999,9163.64771999994,7621.098089999987
