,KeltnerChannels,Choc,Ensemble,SqueezePro,UCB,MACD,EXP3,Stochastic,EEE,MACDKeyLevel,BollingerBands,BarMovement,AlegAATr,MACrossover,Supertrend,BeepBoop,MACDStochastic,RSI,PSAR
0,11635.598119998975,12103.44722,5230.785335000104,11057.19328999988,9366.93985999994,8452.263759999998,7892.379840000009,6504.564989996628,11933.779389999869,9240.032299999997,9963.10539999806,12689.953760000335,13855.302109999937,9525.0019,5666.119229999981,4836.825100000108,6162.466010000884,10000.0,9750.769330000001
