,EEE,BollingerBands,BarMovement,KeltnerChannels,Supertrend,MACD,RandomForest,MLP,UCB,Choc,PSAR,BeepBoop,AlegAATr,KNN,SqueezePro,Ensemble,MACrossover,EXP3,RSI,MACDKeyLevel,Stochastic,LstmMixture,MACDStochastic,Lstm,CNN
0,11933.779389999869,9963.10539999806,12689.953760000335,11635.598119998975,5666.119229999981,8452.263759999998,1052.5479800000955,4292.245680000006,9366.93985999994,12103.44722,9750.769330000001,4836.825100000108,13855.302109999937,6439.287480000026,11057.19328999988,5230.785335000104,9525.0019,7892.379840000009,10000.0,9240.032299999997,6504.564989996628,7797.270959999992,6162.466010000884,11179.497100000002,7433.405239999992
