,KeltnerChannels,MACrossover,Choc,Supertrend,EEE,BarMovement,RSI,UCB,SqueezePro,EXP3,AlegAATr,Stochastic,MACD,BollingerBands,MACDStochastic,BeepBoop,Ensemble,PSAR,MACDKeyLevel
0,11650.392120000002,10406.585199999965,10130.37235,8693.14409999999,11895.916669999693,8273.501039999317,11134.11316000005,9339.202439999963,10000.0,9807.674939999957,10000.0,8061.733169999716,10426.351409999997,11028.198049999994,7074.758100000012,5297.38967999991,7228.828910000064,12345.680730000015,9478.451999999956
