,Choc,KNN,Lstm,BollingerBands,BeepBoop,SqueezePro,MACDKeyLevel,MLP,MACDStochastic,RandomForest,Ensemble,KeltnerChannels,AlegAATr,RSI,EXP3,PSAR,CNN,LstmMixture,Stochastic,MACD,Supertrend,BarMovement,MACrossover,UCB,EEE
0,10231.070849999998,9763.432480000012,10000.0,7591.596850000011,7648.561879999666,10000.0,10153.492480000017,10000.0,9105.576000000017,10000.0,8871.93973900001,7935.851030000111,9087.143309999989,10043.960949999991,9793.734229999996,6663.559160000001,10000.0,10000.0,9229.835860000003,9166.71895000002,9061.300839999989,8613.331859999891,9791.0108,9087.093729999988,8899.912629999973
