,Supertrend,MACrossover,AlegAATr,BarMovement,BollingerBands,PSAR,RSI,MACDStochastic,BeepBoop,Stochastic,EXP3,MACD,SqueezePro,UCB,Choc,Ensemble,KeltnerChannels,MACDKeyLevel,EEE
0,14578.600239999998,9718.395820000085,10000.0,3090.7660199989614,11335.331639999999,10604.607360000025,14097.477790000043,9194.478360000205,9282.142420000002,9341.724789999993,10000.0,9235.707199999997,9720.497999999996,10233.43559000004,10049.59143000006,11618.507300000121,10017.42711,8539.486959999962,6300.013709999862
