,BeepBoop,MACrossover,EEE,EXP3,SqueezePro,Stochastic,MACDStochastic,KeltnerChannels,RSI,KNN,BarMovement,Choc,MACDKeyLevel,LstmMixture,AlegAATr,CNN,Ensemble,PSAR,MLP,MACD,UCB,Lstm,BollingerBands,Supertrend,RandomForest
0,4895.050499999989,8411.113360000007,8127.763810000021,9281.41496000002,10553.16608,10451.734990000004,9614.222539999993,11902.22666000018,9958.48204,11035.943350000003,7558.103919999998,9564.797092857134,10386.313830000006,9475.072300000016,10000.0,10000.0,9276.755949999992,10000.0,10517.961740000006,10648.81412000003,10518.135174285717,9033.476579999991,12447.97428,5912.677719999999,10000.0
