,MACrossover,KeltnerChannels,Choc,Supertrend,EEE,RSI,BarMovement,UCB,SqueezePro,EXP3,AlegAATr,Stochastic,MACD,MACDStochastic,BollingerBands,BeepBoop,Ensemble,MACDKeyLevel,PSAR
0,9728.988550000066,9691.100920000034,9655.228579999979,7689.7966000000015,8230.422290000002,8917.349980000003,8740.19229000001,10440.394967142858,9556.21401999999,8394.998837142892,10000.0,10609.3574,9775.359920000035,10215.356692857134,11208.920530000034,6684.941000000022,8940.359810000075,10533.847859999996,7500.415759999963
