,RSI,PSAR,MACDStochastic,BeepBoop,Supertrend,AlegAATr,MACrossover,BollingerBands,BarMovement,MACDKeyLevel,EEE,MACD,EXP3,Stochastic,Choc,Ensemble,SqueezePro,UCB,KeltnerChannels
0,10000.0,7261.781650000018,8938.498120000071,9351.484605000005,10267.202200000002,8551.685240000003,9979.39034,7142.756350000318,8197.77748,9743.30824,8726.591990000032,7911.372879999975,9256.84159000002,10196.951830000055,9916.914820000002,9741.59036333342,10592.578009999988,8063.035090000012,9673.225610000001
