,MACD,Stochastic,AlegAATr,PSAR,MACDKeyLevel,BeepBoop,Ensemble,MACDStochastic,BollingerBands,UCB,RSI,BarMovement,Choc,Supertrend,EEE,EXP3,SqueezePro,KeltnerChannels,MACrossover
0,9167.969550000018,9214.2123,10923.210499999932,6656.939760000004,10154.906800000017,7645.172399999664,8880.685950000016,9104.523480000018,7590.693920000012,9085.81793999999,10044.819959999992,8617.254949999891,10231.070849999998,9055.953669999992,8185.593200000075,8612.174030000017,10000.0,7929.804260000109,9791.0108
