,RSI,BarMovement,Choc,Supertrend,EEE,UCB,EXP3,SqueezePro,KeltnerChannels,MACrossover,AlegAATr,MACD,Stochastic,BeepBoop,Ensemble,MACDStochastic,BollingerBands,PSAR,MACDKeyLevel
0,10000.0,10538.016020000003,9057.343839999972,10833.300010000714,9779.95904,9734.376459999996,10653.359010000817,9610.40175999999,9063.947760000006,8407.65999999999,9719.149269999994,8621.140179999999,4928.556760000518,4846.501670000026,6422.368550000052,8254.176220000023,7893.01323999999,10000.0,10000.0
