,RSI,BarMovement,Ensemble,EXP3,EEE,Stochastic,SqueezePro,UCB,AlegAATr,BeepBoop,MLP,Choc,MACrossover,KeltnerChannels,MACDKeyLevel,CNN,LstmMixture,RandomForest,MACD,MACDStochastic,Lstm,PSAR,Supertrend,BollingerBands,KNN
0,22486.746839999993,17389.25156000031,13772.441759999929,11981.18783,11980.198069999993,11433.709999999988,11177.358479999994,11160.967909999985,11140.999529999985,11012.12675,10895.487659999999,10760.312440000002,10597.559169999999,10573.737799999957,10359.004739999998,10000.0,10000.0,10000.0,10000.0,10000.0,10000.0,10000.0,9325.787140000006,8665.059559999996,2992.3528800000927
