,PSAR,MACDStochastic,BeepBoop,Supertrend,AlegAATr,MACrossover,BollingerBands,BarMovement,MACDKeyLevel,EEE,MACD,EXP3,Stochastic,Choc,SqueezePro,UCB,KeltnerChannels
0,7273.783750000019,8943.82551000007,9379.534930000005,10178.795119999995,8587.011389999996,9977.4293,7147.79540000031,8202.921660000004,9743.310159999999,9100.705615000028,7899.053059999983,10025.476339999996,10174.20905000006,9916.837490000005,10591.669259999988,8063.605095000009,9684.460200000007
