,MACDKeyLevel,MLP,BeepBoop,MACDStochastic,Lstm,EEE,KeltnerChannels,BarMovement,MACrossover,RSI,CNN,LstmMixture,Choc,RandomForest,KNN,Ensemble,Stochastic,AlegAATr,EXP3,UCB,PSAR,Supertrend,BollingerBands,SqueezePro,MACD
0,8185.23154,8282.627650000031,6435.344319999981,8394.21418,9329.4198,8769.985559999968,11106.239560000002,9401.602699999998,10316.2124,10000.0,10000.0,9773.2846,10568.903159999993,8610.711519999999,9504.210330000009,11803.645760000049,6149.563979999998,10000.0,9305.375379999958,10147.070380000003,10613.289540000025,7782.654280000085,11204.308939999999,10000.0,9949.148640000001
