,MACDStochastic,KeltnerChannels,MLP,CNN,MACDKeyLevel,Choc,Stochastic,MACD,LstmMixture,KNN,Supertrend,MACrossover,RandomForest,RSI,SqueezePro,Ensemble,BollingerBands,UCB,BeepBoop,EEE,PSAR,Lstm,BarMovement,EXP3,AlegAATr
0,10851.645859999995,9453.625734285732,8074.532600000051,10000.0,10613.17623,9480.236900000013,10074.06194,8459.59246,10000.0,9345.51239,7495.037100000032,8975.48498000003,7405.823629999997,10766.152160000001,9696.896899999978,7664.771490000009,5841.320440000079,9089.648867142867,11118.46334000113,10117.095338571447,10000.0,8475.560260000002,9955.882860000014,7516.519144285727,10000.0
