,MACDKeyLevel,PSAR,MACDStochastic,BollingerBands,BeepBoop,Ensemble,Stochastic,MACD,AlegAATr,SqueezePro,EXP3,UCB,Supertrend,Choc,EEE,RSI,BarMovement,MACrossover,KeltnerChannels
0,13534.2871,3532.041259999925,9626.968080000002,10567.753230000037,9492.410740000003,10886.183721428593,5742.1183,10902.617959999936,7683.884089999966,8431.165199999976,14927.385100000029,6588.495079999966,18166.97418,11960.2833,12108.69800999999,7705.461899999975,7584.853299999914,8421.369809999971,9264.47081000002
