,SqueezePro,BarMovement,Supertrend,Choc,KeltnerChannels,MACrossover,BeepBoop,BollingerBands,MACDStochastic,PSAR,MACDKeyLevel,AlegAATr,MACD,Stochastic
0,11141.463380000028,9428.15966,7324.612840000033,10298.80685,11065.284939999998,10505.70477999999,8784.533700000004,15059.931679999909,9324.722000000094,10863.054679999994,10000.0,18568.565630000252,10025.233749999992,6945.645740000387
