,EXP3,SqueezePro,BarMovement,RSI,Supertrend,Choc,EEE,UCB,KeltnerChannels,MACrossover,BeepBoop,Ensemble,BollingerBands,MACDStochastic,PSAR,MACDKeyLevel,AlegAATr,MACD,Stochastic
0,9658.503940000006,11136.65756000003,9373.0023,10000.0,7332.6114800000405,10301.696170000001,7027.955590000034,8985.909729999983,11102.00316,10516.92841,8767.949740000004,8335.775140000002,14984.662479999912,9328.859740000093,10889.725209999991,10000.0,8972.969059999985,10029.669229999992,6957.499500000382
