,EXP3,Stochastic,MACD,KeltnerChannels,SqueezePro,UCB,Choc,Ensemble,MACDKeyLevel,EEE,MACrossover,AlegAATr,Supertrend,BarMovement,BollingerBands,MACDStochastic,PSAR,RSI,BeepBoop
0,6867.694170000009,9827.894520000013,9774.240889999997,9666.396379999966,9562.930399999974,10703.594080000017,9837.849010000029,10702.672780000004,10155.110250000063,8614.932630000001,9127.045659999954,7121.012071428543,6687.710420000014,9799.788319999987,8816.414719999988,5847.336879999983,8142.335009999986,9900.530140000004,6172.949800000025
