,MACD,Stochastic,AlegAATr,MACDKeyLevel,PSAR,BeepBoop,Ensemble,BollingerBands,MACDStochastic,UCB,BarMovement,RSI,Choc,Supertrend,EEE,EXP3,SqueezePro,MACrossover,KeltnerChannels
0,10559.090299999989,9148.021480000003,11318.19772,10141.948839999997,9223.492509999998,8767.864398571379,8288.876379999992,9428.72361,8609.046620000001,10000.0,8506.777499999998,9439.6405,10034.275460000004,9285.150079999998,11229.883882857152,10000.0,10429.962649999994,8977.578179999895,11467.76192
