,EXP3,Stochastic,RandomForest,MACD,KeltnerChannels,Lstm,SqueezePro,UCB,Choc,Ensemble,KNN,MACDKeyLevel,EEE,CNN,MACrossover,AlegAATr,Supertrend,LstmMixture,BarMovement,BollingerBands,MACDStochastic,PSAR,RSI,MLP,BeepBoop
0,6867.694170000009,9827.894520000013,8239.855910000006,9774.240889999997,9666.396379999966,8880.090064999982,9562.930399999974,10703.594080000017,9837.849010000029,10702.672780000004,7738.243179999998,10155.110250000063,8614.932630000001,10000.0,9127.045659999954,7121.012071428543,6687.710420000014,9334.883679999999,9799.788319999987,8816.414719999988,5847.336879999983,8142.335009999986,9900.530140000004,9467.613840000004,6172.949800000025
