,EEE,RSI,Stochastic,Ensemble,CNN,LstmMixture,Choc,RandomForest,BeepBoop,Lstm,BollingerBands,BarMovement,MACD,MACDKeyLevel,KeltnerChannels,SqueezePro,Supertrend,MLP,PSAR,MACDStochastic,KNN,AlegAATr,UCB,EXP3,MACrossover
0,9635.7469,7292.248579999954,14224.34566000001,9007.909619999982,10000.0,10000.0,11378.188439999998,10000.0,9428.46176,10000.0,8168.235579999992,6433.672340000019,10000.0,9789.573820000114,11331.72548000003,9427.834239999991,6196.336489999973,9288.12293,10000.0,9715.756000000016,1237.7131600002047,9456.749699999991,9431.031539999989,10384.374910000011,10164.759259999999
