,MACDKeyLevel,PSAR,BeepBoop,Ensemble,Lstm,BollingerBands,MACDStochastic,MACD,Stochastic,AlegAATr,MLP,RandomForest,LstmMixture,CNN,MACrossover,KeltnerChannels,KNN,EXP3,SqueezePro,UCB,BarMovement,RSI,Supertrend,Choc,EEE
0,9959.251700000075,8759.52354000005,6826.823750001768,11276.029269999926,10000.0,8843.539140000006,10000.0,8958.362069999994,10244.691520000006,10000.0,8460.271190714295,11507.026411428576,10000.0,10000.0,9464.519519999976,11580.923559999948,7833.690750000015,9714.680670000016,10501.075959999995,9410.710780000001,13172.831120000003,11124.055500000008,8810.165720000012,9897.91291,8541.20759000006
