,MACDKeyLevel,PSAR,BeepBoop,Ensemble,BollingerBands,MACDStochastic,MACD,Stochastic,AlegAATr,MACrossover,KeltnerChannels,EXP3,SqueezePro,UCB,BarMovement,RSI,Supertrend,Choc,EEE
0,6913.692060000005,10227.331539999992,4873.770699999984,9951.038580000233,10843.557239999995,9733.590220000036,6753.492340000002,9945.705719999998,9463.674499999992,10667.770360000004,9250.523999999989,11749.012469999987,9133.209120000005,9465.911549999993,13234.33286000007,13288.564860000388,10467.977380000004,10231.493999999986,10076.532939999977
