,Choc,Stochastic,PSAR,RandomForest,KeltnerChannels,MACrossover,KNN,UCB,BeepBoop,MLP,Lstm,EXP3,AlegAATr,LstmMixture,Ensemble,MACDStochastic,RSI,MACDKeyLevel,SqueezePro,MACD,Supertrend,EEE,BollingerBands,BarMovement,CNN
0,10645.62828,10000.0,7835.720730000005,10000.0,9615.242230000094,9128.460499999997,6345.368629999997,12058.537860000022,10676.388200000001,7944.319779999999,8948.96419,13234.545560000008,12070.262870000022,9283.687749999992,10241.811489999967,9429.611579999999,8114.415480000049,9315.244210000003,10851.433839999998,9250.940120000021,11252.068490000005,11084.6902,8558.56543999995,11071.8,7719.133340000004
