,EXP3,Stochastic,MACD,KeltnerChannels,SqueezePro,UCB,Choc,Ensemble,MACDKeyLevel,EEE,MACrossover,AlegAATr,Supertrend,BarMovement,BollingerBands,MACDStochastic,PSAR,RSI,BeepBoop
0,4844.9151200000115,9823.174220000015,9772.487369999999,9671.999439999972,9569.217659999978,10684.12554000002,9839.012380000027,10681.757350000005,10169.44125000006,6536.763520000025,9128.832419999946,10011.494540000012,6678.523540000012,9824.829439999996,8788.022499999981,5887.661739999984,8164.0356499999925,9896.853050000002,6128.09413000002
