,PSAR,SqueezePro,Lstm,AlegAATr,Choc,Stochastic,MACDKeyLevel,Ensemble,UCB,BarMovement,RSI,MACD,EXP3,LstmMixture,KNN,MLP,MACrossover,Supertrend,RandomForest,EEE,BollingerBands,CNN,KeltnerChannels,MACDStochastic,BeepBoop
0,7375.91779999989,9721.282600000002,10000.0,10000.0,10068.91066,10101.453590000016,9852.005740000006,10496.28743999999,9268.096540000004,15092.379599999942,10000.0,9943.494569999997,10000.0,10000.0,10000.0,10000.0,9564.65416,10341.553469999986,6059.781969999976,9065.465749999927,10213.843399999922,10000.0,8986.080980000055,7670.3985000001,5730.175660000041
