,BarMovement,BeepBoop
0,5683.22288999837,7784.1581400000005
