,BarMovement,CNN,MACDKeyLevel,UCB,LstmMixture,MLP,EXP3,EEE,Stochastic,Lstm,AlegAATr,Supertrend,BollingerBands,KNN,MACDStochastic,MACD,RSI,MACrossover,BeepBoop,RandomForest,SqueezePro,Choc,Ensemble,PSAR,KeltnerChannels
0,7838.042060000002,10000.0,10942.834000000046,10986.196494999991,11310.755734285729,8005.607856428572,9496.260389999994,12242.756189999733,14943.767179999599,10000.0,10982.051249999993,8841.589285000047,7707.735610000001,16849.1486200003,9816.827370000003,8813.657579999996,10000.0,10119.407140000003,8651.020329999998,10000.0,9683.910949999998,8920.398145714264,10198.630640714253,9966.945419999978,11010.73152
