,MLP,RandomForest,LstmMixture,MACD,Stochastic,AlegAATr,MACDKeyLevel,PSAR,BeepBoop,Ensemble,Lstm,BollingerBands,MACDStochastic,UCB,BarMovement,RSI,Choc,Supertrend,EEE,KNN,EXP3,SqueezePro,MACrossover,KeltnerChannels,CNN
0,6510.211419999995,8801.28341714281,8115.47381857143,10559.090299999989,9148.021480000003,11318.19772,10141.948839999997,9223.492509999998,8767.864398571379,8288.876379999992,10000.0,9428.72361,8609.046620000001,10000.0,8506.777499999998,9439.6405,10034.275460000004,9285.150079999998,11229.883882857152,8886.039679999996,10000.0,10429.962649999994,8977.578179999895,11467.76192,9199.345079999886
