,RSI,BarMovement,Choc,Supertrend,EEE,UCB,EXP3,SqueezePro,KeltnerChannels,MACrossover,AlegAATr,MACD,Stochastic,BeepBoop,MACDStochastic,BollingerBands,MACDKeyLevel
0,22475.483660000013,17396.101580000282,10759.992,9318.31107,11980.198069999993,11160.967909999985,11981.18783,11174.570659999992,10573.737799999957,10589.2615,11185.612219999985,10000.0,11453.573439999984,11055.57635,10000.0,8626.343139999999,10356.710779999998
