,MACD,Stochastic,AlegAATr,MACDKeyLevel,PSAR,BeepBoop,BollingerBands,MACDStochastic,BarMovement,RSI,Choc,Supertrend,EEE,SqueezePro,MACrossover,KeltnerChannels
0,10561.23872999999,9099.057200000003,9527.108740000009,10144.787079999998,9214.913370000002,8753.490009999943,9433.5447,8618.397500000001,8546.608199999997,9437.6082,10035.180860000002,9313.975079999995,8790.239694285714,10436.158949999994,8977.6108399999,11454.119819999998
