,UCB,Stochastic,BeepBoop,AlegAATr,LstmMixture,Supertrend,Lstm,PSAR,RandomForest,KeltnerChannels,MACDStochastic,EEE,RSI,KNN,Ensemble,CNN,Choc,EXP3,MLP,MACD,BollingerBands,SqueezePro,MACrossover,MACDKeyLevel,BarMovement
0,9950.300090000013,5716.444289999356,1303.0917800000245,9945.182240000018,10224.375919999999,9461.313860000002,9833.271429999997,4493.346990000432,10000.0,6712.7107799999985,9425.072879999978,8715.693398571428,9657.985149999997,10000.0,10184.3807357143,11815.23055,10439.221290000001,10000.0,9235.691209285726,9572.504720000003,5718.066479999929,7956.407580000006,9041.42284,9668.701159999966,10868.265775714312
