,MACD,BeepBoop,Choc,PSAR,Supertrend,Ensemble,MACrossover,Lstm,RandomForest,CNN,RSI,LstmMixture,SqueezePro,MACDStochastic,MACDKeyLevel,KeltnerChannels,BarMovement,MLP,BollingerBands,EXP3,EEE,AlegAATr,UCB,Stochastic,KNN
0,13568.248119999933,11376.444699999991,10988.691277142862,10849.283030000006,10729.418460000075,10442.934665714276,10107.51945000002,10000.0,10000.0,10000.0,10000.0,9998.764392857156,9965.563960000005,9650.92337999999,9644.540479999965,9490.655579999977,9149.346059999998,9094.555170000029,8951.213210000025,8916.453950000003,8843.037229999984,8478.691809999991,8470.792149999988,8303.726529999034,2381.7209400000334
