,MACrossover,KeltnerChannels,EXP3,SqueezePro,BarMovement,Supertrend,Choc,UCB,BeepBoop,BollingerBands,MACDStochastic,MACDKeyLevel,PSAR,AlegAATr,MACD,Stochastic
0,9422.897240000004,8550.363860000003,11001.925260000002,9764.24773,8150.128920000019,12990.308969999991,9266.436300000001,11326.227049999996,10065.50498,8662.491760000077,7405.244029999998,10170.277999999973,15483.099440000013,8461.177500000023,9887.884780000002,9106.452329999995
