,MACrossover,KeltnerChannels,Choc,Supertrend,EEE,RSI,BarMovement,UCB,SqueezePro,EXP3,AlegAATr,Stochastic,MACD,MACDStochastic,BollingerBands,BeepBoop,MACDKeyLevel,PSAR
0,9730.611590000066,9689.12480000003,9641.36841999998,7674.578259999996,10262.079620000033,8937.379940000004,8737.886680000016,10456.775754285718,9569.95587999999,8266.06313000002,8788.159607142903,10616.979719999998,9775.359920000035,10200.430780000002,11229.54012000004,6696.232700000022,10533.847859999996,7516.9681599999685
