,CNN,MACrossover,KeltnerChannels,EXP3,SqueezePro,KNN,BarMovement,RSI,Supertrend,Choc,EEE,UCB,BeepBoop,Ensemble,Lstm,BollingerBands,MACDStochastic,MACDKeyLevel,PSAR,AlegAATr,MACD,Stochastic,MLP,RandomForest,LstmMixture
0,10282.660340000006,9429.14008,8552.61872,10677.393129999999,9767.674179999998,10000.0,8132.850520000021,10000.0,12979.157719999988,9269.124920000002,9465.761040000001,11330.136909999996,10068.65538,5882.209440000019,9185.693399999998,8669.515720000069,7406.047609999995,10170.277999999973,15464.687700000022,10155.058160000002,9887.884780000002,9124.978009999988,8180.207760000002,10000.0,10043.154770714298
