,SqueezePro,EXP3,KNN,Supertrend,Choc,EEE,RSI,BarMovement,UCB,CNN,MACrossover,KeltnerChannels,RandomForest,LstmMixture,MLP,Lstm,MACDStochastic,BollingerBands,BeepBoop,Ensemble,MACDKeyLevel,PSAR,AlegAATr,Stochastic,MACD
0,10000.0,9113.016289999996,10000.0,9731.166130000003,9778.525000000001,8158.329209999983,10000.0,8846.13442,10296.360939999995,6178.153640000114,9629.420880000007,10190.918039999993,8474.916960000002,10000.0,9744.98729,10113.2221,10360.394919999999,7848.983159999994,7123.279489999913,7892.787242833335,10535.93640000001,9428.07182,10765.119891428585,10014.579400000142,9378.437260000022
