,KeltnerChannels,MACrossover,EXP3,SqueezePro,RSI,BarMovement,Supertrend,Choc,EEE,UCB,BeepBoop,Ensemble,MACDStochastic,BollingerBands,PSAR,MACDKeyLevel,AlegAATr,MACD,Stochastic
0,10142.178699999999,10155.755099999998,10339.754199999992,9774.784,10291.71498,7836.732959999987,9252.19071,10086.449919999995,8526.0992,9875.815999999995,9674.703349999998,8445.606220000029,10000.0,8290.710140000016,10000.0,9219.843379999998,9870.360439999993,10000.0,9174.37803999979
