,MACrossover,MACDKeyLevel,BarMovement,RSI,KeltnerChannels,CNN,Choc,EXP3,Ensemble,MACDStochastic,BollingerBands,EEE,UCB,KNN,LstmMixture,AlegAATr,Lstm,BeepBoop,RandomForest,SqueezePro,Supertrend,MACD,PSAR,Stochastic,MLP
0,9448.512339999974,9982.032580000072,13179.119320000007,11123.729640000005,11601.280519999946,10000.0,9896.060989999998,8563.558630000518,11284.488199999925,10000.0,8831.650760000006,14387.50906,9410.710780000001,7833.690750000015,10000.0,9408.07128,10000.0,6825.8620700017655,11507.026411428576,10501.075959999995,8825.256880000019,8956.254409999996,8771.531020000046,10248.665780000005,8460.271190714295
