,MACDKeyLevel,PSAR,MACDStochastic,BollingerBands,BeepBoop,Stochastic,MACD,AlegAATr,SqueezePro,UCB,Supertrend,Choc,RSI,BarMovement,MACrossover,KeltnerChannels
0,13501.58232,3526.963299999944,9629.34088,10551.107110000037,9512.385860000004,5743.652800000007,10893.382619999935,11451.443390000062,8433.729359999976,8627.42920000003,18132.91094,11955.959620000001,7697.398869999974,7588.737999999918,8420.264639999967,9271.154590000027
