,MACDKeyLevel,PSAR,BeepBoop,BollingerBands,MACDStochastic,MACD,Stochastic,AlegAATr,MACrossover,KeltnerChannels,SqueezePro,UCB,BarMovement,RSI,Supertrend,Choc
0,9974.341780000073,8774.90204000005,6830.397910001792,8832.131440000005,10000.0,8958.362069999994,10251.170390000003,6847.3682199999985,9451.964899999974,11549.758119999948,10501.075959999995,9633.795200000004,13173.33188,11124.739130000009,8812.873740000008,9896.060989999998
