,EXP3,SqueezePro,KNN,BarMovement,RSI,Supertrend,Choc,EEE,UCB,CNN,KeltnerChannels,MACrossover,MLP,LstmMixture,RandomForest,BeepBoop,Ensemble,BollingerBands,MACDStochastic,Lstm,PSAR,MACDKeyLevel,AlegAATr,MACD,Stochastic
0,10634.155650000004,11136.51411000003,10000.0,9393.275520000001,10000.0,7333.886840000034,10299.054890000001,12436.208220000017,8989.137269999985,10000.0,11035.8675,10507.913629999997,8808.235039999981,8698.077669999982,9725.320000000002,8784.913750000005,8349.415920000003,15100.833099999907,9328.456470000092,9760.922664285676,10869.962929999989,10000.0,10611.057910000007,10021.071589999992,6971.516270000378
