,MACDKeyLevel,EEE,MACD,Stochastic,EXP3,KeltnerChannels,Choc,Ensemble,SqueezePro,UCB,MACDStochastic,RSI,PSAR,BeepBoop,AlegAATr,MACrossover,Supertrend,BollingerBands,BarMovement
0,10613.17623,10117.095338571447,8459.59246,10074.06194,7516.519144285727,9453.625734285732,9480.236900000013,7664.771490000009,9696.896899999978,9089.648867142867,10851.645859999995,10766.152160000001,10000.0,11118.46334000113,10000.0,8975.48498000003,7495.037100000032,5841.320440000079,9955.882860000014
