,MACrossover,KeltnerChannels,EXP3,SqueezePro,BarMovement,RSI,Supertrend,Choc,EEE,UCB,BeepBoop,Ensemble,BollingerBands,MACDStochastic,MACDKeyLevel,PSAR,AlegAATr,MACD,Stochastic
0,9428.63696,8545.826700000001,10687.98158,9765.521349999999,8149.826220000025,10000.0,12980.626219999998,9267.982520000001,11023.821740000001,11326.538559999995,10063.18598,5870.640040000022,8677.606020000076,7411.716359999999,10170.277999999973,15499.637500000012,11326.538559999995,9887.884780000002,9111.156119999994
