,KeltnerChannels,UCB,BeepBoop,Stochastic,MACD,LstmMixture,RandomForest,RSI,MACDKeyLevel,AlegAATr,MACDStochastic,Choc,SqueezePro,MACrossover,CNN,PSAR,Ensemble,BollingerBands,EXP3,BarMovement,MLP,KNN,EEE,Supertrend,Lstm
0,8545.826700000001,11326.538559999995,10063.18598,9111.156119999994,9887.884780000002,10043.154770714298,10000.0,10000.0,10170.277999999973,11326.538559999995,7411.716359999999,9267.982520000001,9765.521349999999,9428.63696,10282.660340000006,15499.637500000012,5870.640040000022,8677.606020000076,10687.98158,8149.826220000025,8180.207760000002,10000.0,11023.821740000001,12980.626219999998,9185.693399999998
