,LstmMixture,BollingerBands,SqueezePro,AlegAATr,Supertrend,PSAR,MACD,KeltnerChannels,CNN,MACDStochastic,Ensemble,BarMovement,Lstm,MACrossover,EXP3,EEE,BeepBoop,KNN,MACDKeyLevel,Stochastic,UCB,RandomForest,Choc,MLP,RSI
0,10000.0,9032.94942,10000.0,10198.845000000007,9644.38676,7615.9005699999825,9563.149899999995,8952.140800000014,9759.681767142853,9165.716399999941,8220.81182000002,3452.9358999999968,9000.86292,8440.136659999964,8025.434860000012,10054.80218,11597.156579999992,11520.098040000003,10000.0,9811.683910000005,10194.27090000001,9620.290570000003,10928.062,9766.025919999995,9956.533639999998
