,KeltnerChannels,SqueezePro,UCB,Choc,Ensemble,EXP3,Stochastic,MACD,EEE,MACDKeyLevel,BarMovement,BollingerBands,MACrossover,AlegAATr,Supertrend,BeepBoop,MACDStochastic,PSAR,RSI
0,11902.22666000018,10553.16608,10518.135174285717,9564.797092857134,9276.755949999992,9281.41496000002,10451.734990000004,10648.81412000003,8127.763810000021,10386.313830000006,7558.103919999998,12447.97428,8411.113360000007,10000.0,5912.677719999999,4895.050499999989,9614.222539999993,10000.0,9958.48204
