,Supertrend,MACrossover,BarMovement,BollingerBands,PSAR,RSI,MACDStochastic,BeepBoop,Stochastic,MACD,SqueezePro,UCB,Choc,KeltnerChannels,MACDKeyLevel,EEE
0,14555.827519999999,9733.320000000085,3087.938509998944,11381.601239999998,10597.54846000003,14092.321960000028,9199.172740000207,9297.852970000004,9341.026599999996,9236.019999999999,9720.497999999996,10256.765600000039,10049.59143000006,10011.558220000003,8556.480219999969,8255.096829999997
