,KeltnerChannels,SqueezePro,UCB,Choc,Ensemble,EXP3,Stochastic,MACD,EEE,MACDKeyLevel,BarMovement,BollingerBands,MACrossover,AlegAATr,Supertrend,BeepBoop,MACDStochastic,PSAR,RSI
0,11890.259260000175,10559.8024,10512.630435714289,9576.700338571423,9278.490879999992,7871.543810000002,10459.184930000007,10660.148640000025,8511.517939999998,10389.618410000006,7552.7806599999985,12431.164540000002,8407.406170000007,9480.396124285715,5908.720160000005,4876.213359999989,9619.989239999994,10000.0,9958.48204
