,SqueezePro,EXP3,Supertrend,Choc,EEE,RSI,BarMovement,UCB,MACrossover,KeltnerChannels,MACDStochastic,BollingerBands,BeepBoop,Ensemble,MACDKeyLevel,PSAR,AlegAATr,Stochastic,MACD
0,10000.0,10068.623559999989,9730.256230000003,9778.525000000001,9511.345959999995,10000.0,8846.996140000001,10302.010659999994,9629.425830000007,10186.562439999989,10367.50492,7850.163939999989,7124.879409999913,7891.930570666674,10538.05022000001,9451.029339999997,10304.431339999994,10017.701100000153,9410.675980000022
