,MACrossover,MACDKeyLevel,BarMovement,RSI,KeltnerChannels,CNN,Choc,EXP3,Ensemble,MACDStochastic,BollingerBands,EEE,UCB,KNN,LstmMixture,AlegAATr,Lstm,BeepBoop,RandomForest,SqueezePro,Supertrend,MACD,PSAR,Stochastic,MLP
0,10667.770360000004,6913.692060000005,13234.33286000007,13288.564860000388,9250.523999999989,10000.0,10231.493999999986,11749.012469999987,9951.038580000233,9733.590220000036,10843.557239999995,10076.532939999977,9465.911549999993,6701.8135199999415,10000.0,9463.674499999992,9814.5617,4873.770699999984,10000.0,9133.209120000005,10467.977380000004,6753.492340000002,10227.331539999992,9945.705719999998,10705.30376428571
