,CNN,Choc,MACD,MACDKeyLevel,UCB,MACrossover,BollingerBands,Ensemble,PSAR,SqueezePro,EEE,RSI,Stochastic,MACDStochastic,MLP,KeltnerChannels,KNN,RandomForest,Supertrend,AlegAATr,EXP3,BarMovement,Lstm,LstmMixture,BeepBoop
0,10000.0,10130.37235,10426.351409999997,9478.451999999956,9339.202439999963,10406.585199999965,11028.198049999994,7228.828910000064,12345.680730000015,10000.0,11895.916669999693,11134.11316000005,8061.733169999716,7074.758100000012,4416.465140000092,11650.392120000002,5532.987429997269,9694.9313,8693.14409999999,10000.0,9807.674939999957,8273.501039999317,5544.364920000007,9486.749520000005,5297.38967999991
