,KeltnerChannels,MACrossover,Choc,Supertrend,EEE,BarMovement,RSI,UCB,SqueezePro,EXP3,AlegAATr,Stochastic,MACD,BollingerBands,MACDStochastic,BeepBoop,Ensemble,PSAR,MACDKeyLevel
0,11647.94044,10406.585199999965,10131.27085,8697.570369999994,8704.2788299998,8283.721339999316,11125.10436000005,9331.851199999963,10000.0,10060.122909999973,10000.0,8060.361359999711,10425.544030000001,11078.570279999993,7082.599660000015,5268.799559999905,7215.5314400000625,12337.908510000014,9478.451999999956
