,CNN,BollingerBands,KeltnerChannels,MACDStochastic,Choc,MACD,MACrossover,MACDKeyLevel,EEE,UCB,EXP3,BarMovement,Lstm,KNN,RSI,PSAR,LstmMixture,RandomForest,MLP,Ensemble,Supertrend,Stochastic,AlegAATr,BeepBoop,SqueezePro
0,10000.0,8665.059559999996,10573.737799999957,10000.0,10760.312440000002,10000.0,10597.559169999999,10359.004739999998,11980.198069999993,11160.967909999985,11981.18783,17389.25156000031,10000.0,2992.3528800000927,22486.746839999993,10000.0,10000.0,10000.0,10895.487659999999,13772.441759999929,9325.787140000006,11433.709999999988,11140.999529999985,11012.12675,11177.358479999994
