,MACDKeyLevel,PSAR,BeepBoop,Ensemble,MACDStochastic,BollingerBands,MACD,Stochastic,AlegAATr,EXP3,SqueezePro,UCB,RSI,BarMovement,Supertrend,Choc,EEE,MACrossover,KeltnerChannels
0,9315.244210000003,7835.720730000005,10676.388200000001,10241.811489999967,9429.611579999999,8558.56543999995,9250.940120000021,10000.0,12070.262870000022,13234.545560000008,10851.433839999998,12058.537860000022,8114.415480000049,11071.8,11252.068490000005,10645.62828,11084.6902,9128.460499999997,9615.242230000094
