,KeltnerChannels,MACrossover,CNN,Choc,Supertrend,EEE,BarMovement,RSI,UCB,SqueezePro,EXP3,KNN,AlegAATr,Stochastic,MACD,BollingerBands,MACDStochastic,Lstm,BeepBoop,Ensemble,PSAR,MACDKeyLevel,LstmMixture,RandomForest,MLP
0,11647.94044,10406.585199999965,10000.0,10131.27085,8697.570369999994,8704.2788299998,8283.721339999316,11125.10436000005,9331.851199999963,10000.0,10060.122909999973,5532.987429997269,10000.0,8060.361359999711,10425.544030000001,11078.570279999993,7082.599660000015,5544.364920000007,5268.799559999905,7215.5314400000625,12337.908510000014,9478.451999999956,9486.749520000005,9694.9313,4416.465140000092
