,PSAR,MACDKeyLevel,BollingerBands,MACDStochastic,BeepBoop,Ensemble,Stochastic,MACD,AlegAATr,SqueezePro,EXP3,UCB,Supertrend,Choc,EEE,BarMovement,RSI,KeltnerChannels,MACrossover
0,10613.289540000025,8185.23154,11204.308939999999,8394.21418,6435.344319999981,11803.645760000049,6149.563979999998,9949.148640000001,10000.0,10000.0,9305.375379999958,10147.070380000003,7782.654280000085,10568.903159999993,8769.985559999968,9401.602699999998,10000.0,11106.239560000002,10316.2124
