,Supertrend,MACrossover,AlegAATr,BarMovement,BollingerBands,PSAR,RSI,MACDStochastic,BeepBoop,Stochastic,EXP3,MACD,SqueezePro,UCB,Choc,Ensemble,KeltnerChannels,MACDKeyLevel,EEE
0,8841.589285000047,10119.407140000003,10982.051249999993,7838.042060000002,7707.735610000001,9966.945419999978,10000.0,9816.827370000003,8651.020329999998,14943.767179999599,9496.260389999994,8813.657579999996,9683.910949999998,10986.196494999991,8920.398145714264,10198.630640714253,11010.73152,10942.834000000046,12242.756189999733
