,PSAR,MACDKeyLevel,BollingerBands,MACDStochastic,BeepBoop,Ensemble,Stochastic,MACD,AlegAATr,SqueezePro,EXP3,UCB,Supertrend,Choc,EEE,BarMovement,RSI,KeltnerChannels,MACrossover
0,10645.83906000002,8195.608039999997,11217.15622,8433.357460000003,6431.308439999986,11766.124780000042,6154.927399999999,9949.9876,10000.0,10000.0,9373.971080000023,10147.836800000005,7801.673580000083,10540.395159999993,11213.845639999998,9360.42756,10000.0,11099.8722,10307.678200000002
