,BeepBoop,PSAR,RSI,MACDStochastic,BarMovement,BollingerBands,Supertrend,MACrossover,AlegAATr,EEE,MACDKeyLevel,SqueezePro,UCB,Choc,KeltnerChannels,Stochastic,MACD
0,1303.7048000000182,4493.331480000425,9651.430439999996,9425.072879999978,10868.047657142888,5700.991619999929,9480.548939999999,9044.140719999998,9962.588130000015,8448.723988571433,9667.192139999966,7963.861159999997,9951.323620000017,10440.17573,6728.494760000003,5724.689329999341,9574.889620000002
