,Stochastic,EXP3,BarMovement,Lstm,Supertrend,MACDKeyLevel,SqueezePro,LstmMixture,MACDStochastic,BollingerBands,MACrossover,Choc,BeepBoop,AlegAATr,PSAR,RSI,CNN,MLP,KeltnerChannels,EEE,RandomForest,UCB,Ensemble,MACD,KNN
0,10606.864819999995,9458.032190000002,8750.126990000017,7951.189680000001,7673.208219999999,10535.950499999997,9561.125839999992,9266.46528,10214.405318571427,11220.717390000036,9723.19163000007,9649.23155999998,6693.254260000021,10000.0,7516.366699999971,8917.996700000003,10000.0,9002.496490000012,9669.307540000034,10251.111680000015,6479.6776900000805,10429.108064285721,8973.59207000007,9775.359920000035,10627.808079285685
