,Stochastic,BarMovement,MACDKeyLevel,RandomForest,LstmMixture,SqueezePro,Ensemble,RSI,PSAR,MACD,MACDStochastic,UCB,CNN,KeltnerChannels,Choc,AlegAATr,BollingerBands,Lstm,EEE,KNN,BeepBoop,MACrossover,MLP,EXP3,Supertrend
0,8364.464060000028,7464.950560000097,8217.727768571389,8592.589259999995,9774.350766428592,10156.833679999996,9225.288109999996,10000.0,9467.103450000031,10000.0,10446.757959999992,13717.888749999978,10000.0,9160.72458,11889.166579999983,12882.982297142822,7508.621069999479,9953.536879999983,9588.8239585714,9638.40552,10115.317345714257,11381.855859999992,8377.87350000001,9992.05569571422,9463.71034
