,Ensemble,CNN,MLP,Supertrend,RSI,MACrossover,RandomForest,UCB,EXP3,MACDStochastic,PSAR,BollingerBands,BeepBoop,MACDKeyLevel,Stochastic,EEE,AlegAATr,BarMovement,LstmMixture,KNN,SqueezePro,Lstm,Choc,KeltnerChannels,MACD
0,8264.970199999994,9199.345079999886,6510.211419999995,9295.316700000001,9414.6541,8977.649269999894,8801.28341714281,10000.0,10000.0,8640.565920000001,9231.47696,9429.090020000003,8775.153742857095,10144.787079999998,9154.212790000005,8729.78494999999,10589.582824285719,8523.801879999997,8115.47381857143,8886.039679999996,10439.981969999995,10000.0,10033.318340000002,11470.999319999997,10561.23872999999
