,RSI,PSAR,MACDStochastic,BeepBoop,MLP,LstmMixture,Supertrend,AlegAATr,MACrossover,BollingerBands,BarMovement,MACDKeyLevel,KNN,EEE,CNN,MACD,EXP3,Stochastic,RandomForest,Choc,Ensemble,Lstm,SqueezePro,UCB,KeltnerChannels
0,10000.0,7277.604050000022,8942.30969000007,9353.881720000005,10009.72484,8269.31854,10241.841559999999,10000.0,9978.737440000008,7149.945100000329,8202.124429999994,9741.07992,9010.75510000001,9549.888730000006,9545.547040000003,7907.691799999974,9875.787965000025,10175.962910000051,10000.0,9920.285880000009,9736.59413000008,7840.345620000022,10588.795149999989,8068.89861000001,9680.496760000007
