,MACD,Stochastic,AlegAATr,MACDKeyLevel,PSAR,BeepBoop,Ensemble,Lstm,MACDStochastic,BollingerBands,MLP,RandomForest,LstmMixture,MACrossover,KeltnerChannels,CNN,UCB,RSI,BarMovement,Choc,Supertrend,EEE,KNN,EXP3,SqueezePro
0,9949.53236,10104.335070000016,10000.0,9862.168640000005,7377.253479999884,5744.048640000044,10498.415399999989,10000.0,7674.761650000102,10209.604159999923,10000.0,6059.781969999976,10000.0,9562.11988,9004.24840000005,10000.0,9266.960520000002,10000.0,15033.369399999945,10077.99608,10366.301909999991,8401.888180000034,10000.0,10000.0,9734.146480000001
