,Lstm,MACDKeyLevel,RSI,LstmMixture,Choc,KeltnerChannels,Ensemble,MACD,SqueezePro,CNN,Supertrend,BeepBoop,Stochastic,MLP,MACDStochastic,EXP3,AlegAATr,BarMovement,MACrossover,PSAR,RandomForest,EEE,KNN,UCB,BollingerBands
0,9760.922664285676,10000.0,10000.0,8698.077669999982,10301.696170000001,11102.00316,8335.775140000002,10029.669229999992,11136.65756000003,10000.0,7332.6114800000405,8767.949740000004,6957.499500000382,8808.235039999981,9328.859740000093,9658.503940000006,8972.969059999985,9373.0023,10516.92841,10889.725209999991,9725.320000000002,7027.955590000034,10000.0,8985.909729999983,14984.662479999912
