,KeltnerChannels,MACrossover,Choc,Supertrend,EEE,BarMovement,RSI,UCB,SqueezePro,EXP3,AlegAATr,Stochastic,MACD,BollingerBands,MACDStochastic,BeepBoop,Ensemble,PSAR,MACDKeyLevel
0,8376.642000000018,8390.677300000003,10269.663999999984,10360.30582,9773.249770000071,10053.187960000105,9374.395470000216,9840.938499999993,10037.070240000068,9147.954980000044,9841.940259999994,10086.804779999999,10293.418220000001,9152.042700000007,13709.820079999932,8519.580440000007,4497.477650000251,9280.400269999975,6312.656940000128
