,RSI,BarMovement,EXP3,BollingerBands,MLP,MACrossover,Supertrend,Choc,PSAR,EEE,RandomForest,LstmMixture,CNN,Ensemble,Stochastic,Lstm,MACDStochastic,UCB,AlegAATr,KeltnerChannels,SqueezePro,MACDKeyLevel,MACD,KNN,BeepBoop
0,13288.564860000388,13234.33286000007,11749.012469999987,10843.557239999995,10705.30376428571,10667.770360000004,10467.977380000004,10231.493999999986,10227.331539999992,10076.532939999977,10000.0,10000.0,10000.0,9951.038580000233,9945.705719999998,9814.5617,9733.590220000036,9465.911549999993,9463.674499999992,9250.523999999989,9133.209120000005,6913.692060000005,6753.492340000002,6701.8135199999415,4873.770699999984
