,KeltnerChannels,Choc,Ensemble,SqueezePro,UCB,MACD,EXP3,Stochastic,EEE,MACDKeyLevel,BollingerBands,BarMovement,AlegAATr,MACrossover,Supertrend,BeepBoop,MACDStochastic,RSI,PSAR
0,9490.655579999977,10988.691277142862,10442.934665714276,9965.563960000005,8470.792149999988,13568.248119999933,8916.453950000003,8303.726529999034,8843.037229999984,9644.540479999965,8951.213210000025,9149.346059999998,8478.691809999991,10107.51945000002,10729.418460000075,11376.444699999991,9650.92337999999,10000.0,10849.283030000006
