,MACDKeyLevel,PSAR,BeepBoop,Ensemble,BollingerBands,MACDStochastic,MACD,Stochastic,AlegAATr,MACrossover,KeltnerChannels,EXP3,SqueezePro,UCB,BarMovement,RSI,Supertrend,Choc,EEE
0,9982.032580000072,8771.531020000046,6825.8620700017655,11284.488199999925,8831.650760000006,10000.0,8956.254409999996,10248.665780000005,9408.07128,9448.512339999974,11601.280519999946,8563.558630000518,10501.075959999995,9410.710780000001,13179.119320000007,11123.729640000005,8825.256880000019,9896.060989999998,14387.50906
