,KeltnerChannels,Choc,SqueezePro,UCB,MACD,EXP3,Stochastic,EEE,MACDKeyLevel,BollingerBands,BarMovement,AlegAATr,MACrossover,Supertrend,BeepBoop,MACDStochastic,PSAR
0,9490.67444999998,10988.447595000009,9966.982700000006,8470.792149999988,13565.296669999936,8916.453950000003,8294.960649999037,8843.037229999984,9646.397099999967,8959.170090000032,9152.005799999997,8485.59055999999,10110.390600000022,10720.472585000076,11356.561989999995,9649.895329999988,10851.817130000005
