,MACDKeyLevel,MACDStochastic,BollingerBands,BeepBoop,Stochastic,MACD,AlegAATr,SqueezePro,EXP3,UCB,Supertrend,Choc,EEE,RSI,BarMovement,MACrossover,KeltnerChannels
0,9789.573820000114,9715.756000000016,8172.112779999994,9422.125600000001,14225.076519999997,10000.0,9456.749699999991,9424.966799999991,10384.374910000011,9431.031539999989,6194.790639999967,11379.355739999997,9635.7469,7295.241779999956,6423.927020000029,10166.074345714283,11329.03140000003
