,MACD,Stochastic,AlegAATr,PSAR,MACDKeyLevel,BeepBoop,Ensemble,MACDStochastic,BollingerBands,UCB,RSI,BarMovement,Choc,Supertrend,EEE,EXP3,SqueezePro,KeltnerChannels,MACrossover
0,9166.71895000002,9229.835860000003,9087.143309999989,6663.559160000001,10153.492480000017,7648.561879999666,8871.93973900001,9105.576000000017,7591.596850000011,9087.093729999988,10043.960949999991,8613.331859999891,10231.070849999998,9061.300839999989,8899.912629999973,9793.734229999996,10000.0,7935.851030000111,9791.0108
