,MACD,Stochastic,AlegAATr,MACDKeyLevel,PSAR,BeepBoop,Ensemble,BollingerBands,MACDStochastic,UCB,BarMovement,RSI,Choc,Supertrend,EEE,EXP3,SqueezePro,MACrossover,KeltnerChannels
0,10561.23872999999,9154.212790000005,10589.582824285719,10144.787079999998,9231.47696,8775.153742857095,8264.970199999994,9429.090020000003,8640.565920000001,10000.0,8523.801879999997,9414.6541,10033.318340000002,9295.316700000001,8729.78494999999,10000.0,10439.981969999995,8977.649269999894,11470.999319999997
