,KNN,MACDKeyLevel,CNN,EEE,MACD,Stochastic,RandomForest,EXP3,KeltnerChannels,Choc,Ensemble,Lstm,SqueezePro,UCB,MACDStochastic,RSI,PSAR,MLP,BeepBoop,AlegAATr,MACrossover,LstmMixture,Supertrend,BollingerBands,BarMovement
0,9345.51239,10600.309970000002,10000.0,8705.66565000007,8452.129199999996,10024.897299999999,7405.823629999997,7235.120580000036,9454.918338571442,9482.378300000008,7654.974960000003,8475.560260000002,9696.896899999978,9106.790807142865,10922.794820000006,10723.6101,10000.0,8074.532600000051,11132.78570000112,10460.270981071473,8970.504400000033,10000.0,7521.5274800000325,5849.067690000088,9912.791780000016
