,KeltnerChannels,MACrossover,BarMovement,RSI,Choc,Supertrend,EEE,UCB,EXP3,SqueezePro,AlegAATr,MACD,Stochastic,BeepBoop,Ensemble,BollingerBands,MACDStochastic,PSAR,MACDKeyLevel
0,8950.189000000013,8434.269459999967,3453.557579999987,9954.786900000001,10961.8496,9645.348280000002,8415.081929999995,10203.422300000007,9699.875510000013,10000.0,6141.391639999902,9563.149899999995,9801.110890000004,11583.679199999991,8204.94942000002,9016.454800000001,9167.78322999994,7619.35549999999,10000.0
