,Supertrend,Choc,BarMovement,MACrossover,KeltnerChannels,MACDStochastic,BollingerBands,BeepBoop,MACDKeyLevel,PSAR,AlegAATr,Stochastic,MACD
0,9734.417330000004,9778.525000000001,8860.062440000002,9632.31703000001,10188.787999999991,10374.590809999992,7851.264439999996,7120.111949999915,10530.75966000001,9445.04876,9579.545879999994,10014.70888000015,9369.373400000026
