,MACDStochastic,Supertrend,MACD,Choc,Stochastic,BarMovement,SqueezePro,LstmMixture,RandomForest,MLP,Lstm,AlegAATr,UCB,EEE,RSI,PSAR,BollingerBands,EXP3,BeepBoop,MACrossover,KeltnerChannels,CNN,MACDKeyLevel,Ensemble,KNN
0,13709.820079999932,10360.30582,10293.418220000001,10269.663999999984,10086.804779999999,10053.187960000105,10037.070240000068,10000.0,10000.0,10000.0,9968.08026,9841.940259999994,9840.938499999993,9773.249770000071,9374.395470000216,9280.400269999975,9152.042700000007,9147.954980000044,8519.580440000007,8390.677300000003,8376.642000000018,6390.90262,6312.656940000128,4497.477650000251,2661.7331400001035
