,BarMovement,BollingerBands,Supertrend,MACrossover,AlegAATr,BeepBoop,PSAR,RSI,MACDStochastic,SqueezePro,UCB,Choc,KeltnerChannels,Stochastic,EXP3,EEE,MACDKeyLevel
0,7468.994080000099,7499.149249999457,9463.71034,11422.371299999992,10000.0,10091.209339999969,9499.296610000032,10000.0,10466.784489999993,10147.834739999995,13725.90696999998,11850.908579999987,9145.128280000004,8345.66100000003,8584.013042857123,10845.207238571325,8211.602019999964
