,BeepBoop,PSAR,RSI,MACDStochastic,BarMovement,BollingerBands,Supertrend,MACrossover,AlegAATr,EEE,MACDKeyLevel,SqueezePro,UCB,Choc,Ensemble,KeltnerChannels,EXP3,Stochastic,MACD
0,1303.0917800000245,4493.346990000432,9657.985149999997,9425.072879999978,10868.265775714312,5718.066479999929,9461.313860000002,9041.42284,9945.182240000018,8715.693398571428,9668.701159999966,7956.407580000006,9950.300090000013,10439.221290000001,10184.3807357143,6712.7107799999985,10000.0,5716.444289999356,9572.504720000003
