,BarMovement,BollingerBands,Supertrend,MACrossover,AlegAATr,BeepBoop,PSAR,RSI,MACDStochastic,SqueezePro,UCB,Choc,Ensemble,KeltnerChannels,Stochastic,EXP3,MACD,EEE,MACDKeyLevel
0,7464.950560000097,7508.621069999479,9463.71034,11381.855859999992,12882.982297142822,10115.317345714257,9467.103450000031,10000.0,10446.757959999992,10156.833679999996,13717.888749999978,11889.166579999983,9225.288109999996,9160.72458,8364.464060000028,9992.05569571422,10000.0,9588.8239585714,8217.727768571389
