,KeltnerChannels,MACrossover,EXP3,SqueezePro,RSI,BarMovement,Supertrend,Choc,EEE,UCB,BeepBoop,Ensemble,MACDStochastic,BollingerBands,PSAR,MACDKeyLevel,AlegAATr,MACD,Stochastic
0,10146.63598,10153.205709999997,10439.425299999988,9775.6672,10293.315559999997,7849.095739999986,9259.38534,10084.289499999995,8744.61630999998,9867.519759999994,9703.907329999998,8465.226610000038,10000.0,8326.348360000029,10000.0,9232.130409999996,10000.0,10000.0,9176.39851999978
