,MACDStochastic,MACrossover,BollingerBands,EXP3,AlegAATr,KeltnerChannels,BarMovement,Choc,MACD,MACDKeyLevel,KNN,Lstm,Supertrend,SqueezePro,Ensemble,LstmMixture,CNN,RandomForest,RSI,UCB,MLP,BeepBoop,EEE,Stochastic,PSAR
0,10000.0,10155.755099999998,8290.710140000016,10339.754199999992,9870.360439999993,10142.178699999999,7836.732959999987,10086.449919999995,10000.0,9219.843379999998,9319.446929999995,8082.300450000003,9252.19071,9774.784,8445.606220000029,10254.428730000009,6573.363880000048,9286.21598,10291.71498,9875.815999999995,8566.934220000056,9674.703349999998,8526.0992,9174.37803999979,10000.0
