,EEE,RSI,Stochastic,Ensemble,CNN,LstmMixture,Choc,RandomForest,BeepBoop,Lstm,BollingerBands,BarMovement,MACD,MACDKeyLevel,KeltnerChannels,SqueezePro,Supertrend,MLP,PSAR,MACDStochastic,KNN,AlegAATr,UCB,EXP3,MACrossover
0,12108.69800999999,7705.461899999975,5742.1183,10886.183721428593,2524.8582000000624,9581.9574,11960.2833,8917.671840000057,9492.410740000003,10274.231230000001,10567.753230000037,7584.853299999914,10902.617959999936,13534.2871,9264.47081000002,8431.165199999976,18166.97418,11487.318029999988,3532.041259999925,9626.968080000002,4431.008279999996,7683.884089999966,6588.495079999966,14927.385100000029,8421.369809999971
