,KeltnerChannels,MACrossover,SqueezePro,RSI,BarMovement,Supertrend,Choc,BeepBoop,BollingerBands,MACDKeyLevel,AlegAATr,Stochastic
0,10147.559,10150.456149999998,9774.784,10304.816789999999,7847.596119999985,9259.45024,10086.449919999995,9678.069199999998,8301.645040000023,9208.14553,10048.06871999996,9172.136739999796
