,BarMovement,CNN,MACDKeyLevel,UCB,LstmMixture,MLP,EXP3,EEE,Stochastic,Lstm,AlegAATr,Supertrend,BollingerBands,KNN,MACDStochastic,MACD,RSI,MACrossover,BeepBoop,RandomForest,SqueezePro,Choc,Ensemble,PSAR,KeltnerChannels
0,3090.7660199989614,1031.1513999997965,8539.486959999962,10233.43559000004,3535.8780300000217,7721.468149999992,10000.0,6300.013709999862,9341.724789999993,10946.317937142829,10000.0,14578.600239999998,11335.331639999999,10000.0,9194.478360000205,9235.707199999997,14097.477790000043,9718.395820000085,9282.142420000002,12242.30793000002,9720.497999999996,10049.59143000006,11618.507300000121,10604.607360000025,10017.42711
