,KeltnerChannels,SqueezePro,Lstm,UCB,Choc,Ensemble,EXP3,Stochastic,RandomForest,MACD,EEE,CNN,KNN,MACDKeyLevel,BarMovement,BollingerBands,MACrossover,AlegAATr,Supertrend,LstmMixture,MLP,BeepBoop,MACDStochastic,PSAR,RSI
0,11890.259260000175,10559.8024,9033.476579999991,10512.630435714289,9576.700338571423,9278.490879999992,7871.543810000002,10459.184930000007,10000.0,10660.148640000025,8511.517939999998,10000.0,11035.943350000003,10389.618410000006,7552.7806599999985,12431.164540000002,8407.406170000007,9480.396124285715,5908.720160000005,9475.072300000016,10517.961740000006,4876.213359999989,9619.989239999994,10000.0,9958.48204
