,KeltnerChannels,MACrossover,Choc,Supertrend,EEE,BarMovement,RSI,UCB,SqueezePro,EXP3,AlegAATr,Stochastic,MACD,BollingerBands,MACDStochastic,BeepBoop,PSAR,MACDKeyLevel
0,8376.642000000018,8397.022370000004,10269.663999999984,10341.85078,9773.249770000071,10057.698540000105,9371.861070000221,9840.938499999993,10037.070240000068,9147.954980000044,9842.944019999994,10085.75774,10297.343800000004,9152.042700000007,13695.836759999931,8521.51438000001,9281.294149999974,6307.5830200001255
