,KeltnerChannels,MACrossover,Choc,Supertrend,BarMovement,RSI,UCB,SqueezePro,AlegAATr,Stochastic,MACD,BollingerBands,MACDStochastic,BeepBoop,PSAR,MACDKeyLevel
0,11654.191200000003,10406.585199999965,10131.27085,8693.653489999995,8277.749369999307,11124.85936000005,9331.851199999963,10000.0,5285.025729999825,8055.970359999711,10425.453839999996,11040.718439999997,7088.091740000012,5294.137839999907,12341.572700000012,9478.451999999956
