,Supertrend,MACrossover,AlegAATr,BarMovement,BollingerBands,PSAR,MACDStochastic,BeepBoop,Stochastic,EXP3,MACD,SqueezePro,UCB,Choc,KeltnerChannels,MACDKeyLevel,EEE
0,8846.369790000048,10110.40078,10984.639842857137,7823.822279999999,7708.327269999998,9969.092239999978,9815.467760000001,8667.14076,14941.903879999601,9496.260389999994,8812.387459999996,9684.821380000001,10986.196494999991,8920.760057142832,11011.996520000002,10941.167200000045,12242.756189999733
