,Stochastic,MACD,AlegAATr,PSAR,MACDKeyLevel,BollingerBands,MACDStochastic,BeepBoop,KeltnerChannels,MACrossover,UCB,Choc,Supertrend,BarMovement,RSI,SqueezePro,EXP3
0,10000.0,10836.784930000029,9199.987570000008,7415.074239999996,10888.014019999975,8233.627299999996,10605.650260000028,4133.302889999007,9363.705379999921,10883.302160000003,11001.55024999998,8891.570740000008,8804.367799999996,8405.516480000126,8040.922679999915,9410.91072,3933.914469999862
