,Stochastic,MACD,AlegAATr,PSAR,MACDKeyLevel,BollingerBands,MACDStochastic,BeepBoop,Ensemble,KeltnerChannels,MACrossover,UCB,Choc,Supertrend,EEE,BarMovement,RSI,SqueezePro,EXP3
0,10000.0,10848.398730000023,9310.98346428571,7401.190720000001,10877.899019999975,8260.170639999993,10605.640560000025,4129.740539999003,9229.173050000129,9365.765949999924,10904.386200000003,11013.987919999976,8888.879640000008,8815.688820000003,6407.364639999992,8413.889400000116,8042.782799999917,9417.11306,6192.256359999936
