,Stochastic,Ensemble,MACDStochastic,Choc,BeepBoop,BollingerBands,MACDKeyLevel,RSI,RandomForest,Lstm,EEE,MLP,KeltnerChannels,MACrossover,AlegAATr,Supertrend,MACD,UCB,CNN,SqueezePro,PSAR,EXP3,LstmMixture,KNN,BarMovement
0,0.46296296296296297,0.4074074074074074,0.4444444444444444,0.5555555555555556,0.25925925925925924,0.18518518518518517,0.48148148148148145,0.7037037037037037,0.8888888888888888,0.6111111111111112,0.37037037037037035,0.3333333333333333,0.4444444444444444,0.2962962962962963,0.4444444444444444,0.37037037037037035,0.4074074074074074,0.4074074074074074,0.7777777777777778,0.48148148148148145,0.4444444444444444,0.18518518518518517,0.7037037037037037,0.1111111111111111,0.37037037037037035
