,BarMovement,BollingerBands,MACD,EEE,Supertrend,RSI,PSAR,Stochastic,UCB,MACDStochastic,MACDKeyLevel,BeepBoop,AlegAATr,Choc,EXP3,MACrossover,Ensemble,SqueezePro,KeltnerChannels
0,0.3611111111111111,0.3055555555555556,0.37037037037037035,0.4027777777777778,0.3194444444444444,0.6805555555555556,0.3472222222222222,0.375,0.4444444444444444,0.3888888888888889,0.3472222222222222,0.2638888888888889,0.6111111111111112,0.5,0.4444444444444444,0.3611111111111111,0.3888888888888889,0.4583333333333333,0.3194444444444444
