,Stochastic,Ensemble,MACDStochastic,Choc,BeepBoop,BollingerBands,MACDKeyLevel,RSI,RandomForest,Lstm,EEE,MLP,KeltnerChannels,MACrossover,AlegAATr,Supertrend,MACD,UCB,CNN,SqueezePro,PSAR,EXP3,LstmMixture,KNN,BarMovement
0,0.375,0.3888888888888889,0.3888888888888889,0.5,0.2638888888888889,0.3055555555555556,0.3472222222222222,0.6805555555555556,0.4166666666666667,0.4652777777777778,0.4027777777777778,0.2916666666666667,0.3194444444444444,0.3611111111111111,0.6111111111111112,0.3194444444444444,0.37037037037037035,0.4444444444444444,0.4583333333333333,0.4583333333333333,0.3472222222222222,0.4444444444444444,0.5138888888888888,0.4861111111111111,0.3611111111111111
