,BarMovement,BollingerBands,MACD,EEE,Supertrend,RSI,PSAR,Stochastic,UCB,MACDStochastic,MACDKeyLevel,BeepBoop,AlegAATr,Choc,EXP3,MACrossover,SqueezePro,KeltnerChannels
0,0.37037037037037035,0.18518518518518517,0.4074074074074074,0.37037037037037035,0.2916666666666667,0.6666666666666666,0.3333333333333333,0.43137254901960786,0.4074074074074074,0.4444444444444444,0.48148148148148145,0.25925925925925924,0.4444444444444444,0.5555555555555556,0.18518518518518517,0.2962962962962963,0.48148148148148145,0.375
