,BarMovement,BollingerBands,MLP,MACD,Supertrend,RandomForest,RSI,PSAR,Stochastic,Lstm,CNN,MACDStochastic,MACDKeyLevel,BeepBoop,AlegAATr,Choc,MACrossover,KNN,Ensemble,SqueezePro,KeltnerChannels
0,0.6666666666666666,0.5555555555555556,0.3333333333333333,0.2962962962962963,0.2222222222222222,0.2222222222222222,0.14285714285714285,0.2222222222222222,0.4444444444444444,0.3333333333333333,0.4444444444444444,0.4444444444444444,0.1111111111111111,0.4444444444444444,0.2222222222222222,0.3333333333333333,0.7777777777777778,0.3333333333333333,0.5,0.1111111111111111,0.4444444444444444
