,BarMovement,BollingerBands,MACD,Supertrend,RSI,PSAR,Stochastic,MACDStochastic,MACDKeyLevel,BeepBoop,AlegAATr,Choc,MACrossover,SqueezePro,KeltnerChannels
0,0.375,0.2753623188405797,0.33658536585365856,0.3194444444444444,0.4883720930232558,0.25396825396825395,0.35714285714285715,0.36231884057971014,0.3088235294117647,0.2535211267605634,0.2222222222222222,0.49295774647887325,0.352112676056338,0.4264705882352941,0.30985915492957744
