,BarMovement,BollingerBands,MACD,EEE,Supertrend,RSI,PSAR,Stochastic,UCB,MACDStochastic,MACDKeyLevel,BeepBoop,AlegAATr,Choc,EXP3,MACrossover,Ensemble,SqueezePro,KeltnerChannels
0,0.37037037037037035,0.18518518518518517,0.4074074074074074,0.37037037037037035,0.37037037037037035,0.7037037037037037,0.4444444444444444,0.46296296296296297,0.4074074074074074,0.4444444444444444,0.48148148148148145,0.25925925925925924,0.4444444444444444,0.5555555555555556,0.18518518518518517,0.2962962962962963,0.4074074074074074,0.48148148148148145,0.4444444444444444
